Artist,Year,Album
65daysofstatic,2004,The Fall of Math
65daysofstatic,2010,Heavy Sky
65daysofstatic,2010,We Were Exploding Anyway
65daysofstatic,2013,Wild Light
65daysofstatic,2019,"replicr, 2019"
90 Day Men,2000,We Blame Chicago
90 Day Men,2002,To Everybody
A Perfect Circle,2000,Mer De Noms
A Perfect Circle,2004,aMOTION
A Perfect Circle,2004,eMOTIVe
A Perfect Circle,2018,Eat the Elephant
A Place to Bury Strangers,2007,A Place to Bury Strangers
A Place to Bury Strangers,2009,Exploding Head
A Place to Bury Strangers,2009,Exploding Head (2022 Remaster)
A Place to Bury Strangers,2012,Worship (Bonus Track Version)
A Place to Bury Strangers,2015,Transfixiation
A Place to Bury Strangers,2018,Pinned (Brainwashing Machine Edition)
A Place to Bury Strangers,2018,Re-Pinned
A Place to Bury Strangers,2022,See Through You
A Place to Bury Strangers,2023,See Through You: Rerealized
A Place to Bury Strangers,2024,Synthesizer
a-ha,1985,Hunting High & Low (Remastered)
a-ha,2000,"Minor Earth, Major Sky (Deluxe Edition)"
AC/DC,1979,Highway to Hell
AC/DC,1980,Back In Black
AC/DC,1990,The Razors Edge
AC/DC,1995,Ballbreaker
Aerosmith,1989,Pump
Aerosmith,1993,Get a Grip
AFI,2025,Silver Bleeds the Black Sun...
Agent Fresco,2015,Destrier
Agriculture,2025,The Spiritual Sound
Airbag,2013,The Greatest Show On Earth
Airbag,2016,Disconnected
Airbag,2020,A Day at the Beach
Airbag,2024,The Century of the Self
Alcest,2007,Souvenirs D'un Autre Monde
Alcest,2012,Les Voyages De l'√¢me
Alcest,2016,Kodama
Alcest,2019,Spiritual Instinct
Alcest,2024,Les Chants de l'Aurore
Alexisonfire,2006,Crisis
Alice In Chains,1990,Facelift
Alice In Chains,1992,Dirt (Remastered)
Alice In Chains,1995,Alice In Chains
Alice In Chains,2009,Black Gives Way to Blue
Alice In Chains,2012,The Devil Put Dinosaurs Here
Alice In Chains,2018,Rainier Fog
All Shall Perish,2006,The Price of Existence
Allie X,2024,Girl With No Face
AMENRA,2005,Mass III
AMENRA,2008,Mass Iiii
AMENRA,2011,Mass II
AMENRA,2012,Mass V
AMENRA,2017,Mass VI
Amon Tobin,1994,Supermodified
Amon Tobin,2011,ISAM (Bonus Track Version)
Amorphis,1994,Tales from the Thousand Lakes / Black Winter Day
Amorphis,1996,Am Universum
Amorphis,1999,Tuonela
Amorphis,2003,Far From The Sun
Amorphis,2006,Eclipse
Amorphis,2009,Skyforger
Amorphis,2011,The Beginning of Times (Deluxe Edition)
Amorphis,2013,Circle (Deluxe Edition)
Amorphis,2015,Under the Red Cloud (Deluxe Edition)
Amorphis,2018,Queen of Time (Deluxe Edition)
Amorphis,2022,Halo
Amorphis,2025,Borderland
Amy Macdonald,2025,Is This What You've Been Waiting For?
Anathema,1998,Alternative 4
Anathema,1999,Judgement (Remastered)
Anathema,2003,A Natural Disaster (Remastered)
Anathema,2010,We're Here Because We're Here
Anathema,2012,Weather Systems
Anathema,2014,Distant Satellites (Tour Edition)
Anathema,2015,A Fine Day to Exit (Remastered)
Anathema,2017,The Optimist
And So I Watch You From Afar,2015,Heirs
And So I Watch You From Afar,2017,The Endless Shimmering
And So I Watch You From Afar,2024,Megafauna
Andrew Lloyd Webber & Tim Rice,1970,Jesus Christ Superstar (50th Anniversary / Deluxe) [2021 Remaster]
Annihilator,2013,Feast
Annihilator,2015,Suicide Society
Annihilator,2017,For the Demented
Antimatter,2005,Planetary Confinement
Antimatter,2007,Leaving Eden
Antimatter,2012,Fear of a Unique Identity
Antimatter,2018,Black Market Enlightenment
Antimatter,2022,A Profusion of Thought
Aphex Twin,1992,Selected Ambient Works 85-92
Aphex Twin,1994,"Selected Ambient Works, Vol. II"
Aphex Twin,1996,Richard D. James Album
Aphex Twin,2001,Drukqs
Aphex Twin,2014,Syro
Aphex Twin,2023,Blackbox Life Recorder 21f / In a Room7 F760 - EP
Apparat,2001,Multifunktionsebene
Apparat,2002,Tttrial and Eror
Arab Strap,2001,The Red Thread
Arab Strap,2020,As Days Get Dark
Arab Strap,2024,I'm totally fine with it üëç don't give a fuck anymore üëç
Arcade Fire,2004,Funeral
Arcade Fire,2007,Neon Bible
Arcade Fire,2010,The Suburbs
Arcade Fire,2013,Reflektor (Deluxe)
Arcade Fire,2017,Everything Now
Arcade Fire,2022,WE
Arcadea,2017,Arcadea
Arcadea,2025,The Exodus of Gravity
Arch Enemy,2001,Wages of Sin
Arch Enemy,2003,Anthems of Rebellion
Architects,2016,All Our Gods Have Abandoned Us
Architects,2021,For Those That Wish to Exist
Architects,2022,For Those That Wish to Exist at Abbey Road
Architects,2022,the classic symptoms of a broken spirit
Archive,1996,Londinium
Archive,1999,Take My Head
Archive,2002,You All Look The Same To Me (2024 Remastered Deluxe Edition)
Archive,2004,Noise (2024 Remastered Deluxe Edition)
Archive,2006,Lights
Archive,2009,Controlling Crowds (Part IV)
Archive,2012,With Us Until You're Dead
Archive,2014,Axiom
Archive,2015,Restriction
Archive,2016,The False Foundation
Archive,2020,Versions
Archive,2020,Versions: Remixed
Archive,2021,Super8
Archive,2023,Call To Arms & Angels (Deluxe Version)
Archive,2025,Controlling Crowds Part IV (2024 Remastered Deluxe Edition)
Archive,2025,Controlling Crowds Parts I-III (2024 Remastered Deluxe Edition)
Archspire,2017,Relentless Mutation
Archspire,2021,Bleed the Future
Arctic Monkeys,2006,"Whatever People Say I Am, That's What I'm Not"
Arctic Monkeys,2013,AM
Arcturus,2002,The Sham Mirrors
Arcturus,2005,Sideshow Symphonies
Arcturus,2015,Arcturian
Artillery,2016,Penalty by Perception
Asking Alexandria,2009,Stand Up and Scream
Asking Alexandria,2016,The Black
Asking Alexandria,2023,Where Do We Go from Here?
Astral Projection,1996,Trust In Trance Volume 3
Astral Projection,2025,For All Mankind
Astronoid,2019,Astronoid
Astronoid,2022,Radiant Bloom
At the Drive-In,2000,Relationship of Command
At the Drive-In,2017,in‚Ä¢ter a‚Ä¢li‚Ä¢a
At The Gates,1995,Slaughter of the Soul (Expanded Edition)
Atheist,1989,Jupiter
Atheist,1989,Piece of Time
Atheist,1989,Unquestionable Presence
Atheist,1993,Elements
ATL,2017,–õ–∏–º–±
Atmosphere,2016,Fishing Blues
Atmosphere,2019,Whenever
"Atmosphere, Slug & Ant",2014,Southsiders (Deluxe Edition)
"Atmosphere, Slug & Ant",2021,Triple X Years In The Game
"Atmosphere, Slug & Ant",2023,So Many Other Realities Exist Simultaneously
"Atmosphere, Slug & Ant",2025,Jestures
Atreyu,2021,Baptize
Atreyu,2023,The Moment You Find Your Flame
Audioslave,2002,Audioslave
August Burns Red,2009,Constellations
August Burns Red,2010,Home
August Burns Red,2013,Rescue & Restore
August Burns Red,2015,Found In Far Away Places (Deluxe Edition)
August Burns Red,2017,Phantom Anthem
August Burns Red,2019,Constellations (Remixed)
August Burns Red,2020,Guardians
August Burns Red,2021,Leveler: 10th Anniversary Edition
August Burns Red,2023,Death Below
August Burns Red,2025,Thrill Seeker: 20th Anniversary Edition
Autechre,1991,EPs 1991 - 2002
Autechre,1993,Incunabula
Autechre,1994,Amber
Autechre,1994,Basscadet Mixes
Autechre,1995,Tri Repetae
Autechre,1997,Chiastic Slide
Autechre,1998,Lp5
Autechre,1999,EP7
Autechre,2001,Confield
Autechre,2003,Draft 7.30
Autechre,2008,Quaristice
Autechre,2010,Move of Ten
Autechre,2010,Oversteps
Autechre,2013,Exai
Autechre,2016,Elseq
Autechre,2020,PLUS
Autechre,2020,SIGN
Avenged Sevenfold,2010,Nightmare
Avenged Sevenfold,2013,Hail to the King (Deluxe Edition)
Avenged Sevenfold,2016,The Stage (Deluxe Edition)
Avenged Sevenfold,2023,Life Is But a Dream‚Ä¶
Baby Strange,2022,World Below
Bad Omens,2022,THE DEATH OF PEACE OF MIND
Bad Omens,2024,CONCRETE JUNGLE (Original Soundtrack)
Bad Sector,2005,Kosmodrom
Bad Sector,Unknown,21.11.14
Bad Sector,Unknown,Absolute
Bad Sector,Unknown,CMASA
Bad Sector,Unknown,Pressurized Music
Bad Sector,Unknown,Quaternion
Bad Sector,Unknown,Retrovirus
Bad Sector,Unknown,Vacuum Pulse
Bad Sector,Unknown,Xela
Bad Wolves,2019,N.A.T.I.O.N.
BADBADNOTGOOD,2016,IV
BADBADNOTGOOD,2021,Talk Memory
BANKS,2025,Off With Her Head (Deluxe)
Bark Psychosis,1994,Hex
Baroness,2009,Blue Record (Deluxe Version)
Baroness,2015,Purple
Baroness,2019,Gold & Grey
Baroness,2023,STONE (Deluxe)
Bathory,1991,Twilight of the Gods
Bathory,1994,Requiem
Bathory,1996,Blood On Ice
Bayside,2024,There Are Worse Things Than Being Alive
Beach House,2012,Bloom
Beach House,2015,Depression Cherry
Beach House,2015,Thank Your Lucky Stars
Beardfish,2012,The Void
Beardfish,2015,+4626-Comfortzone
Beartooth,2018,Disease (Deluxe Edition)
Beartooth,2023,The Surface
Beastie Boys,1986,Licensed to Ill
Beastie Boys,1989,Paul's Boutique (20th Anniversary Remastered Edition)[Bonus B-Boy Bouillabaisse]
Beastie Boys,1994,Ill Communication
Beck,1993,Mellow Gold
Beck,1996,Odelay
Beck,1998,Mutations
Beck,2002,Sea Change
Beck,2017,Colors
Been Stellar,2024,"Scream from New York, NY"
Belle and Sebastian,1996,If You're Feeling Sinister
Beth Gibbons,2024,Lives Outgrown
Better Lovers,2024,Highly Irresponsible
Between the Buried and Me,2007,Colors
Between the Buried and Me,2015,Coma Ecliptic
Between the Buried and Me,2021,Colors II
Biffy Clyro,2020,A Celebration of Endings
Biffy Clyro,2021,The Myth of The Happily Ever After
Biffy Clyro,2025,Futique
Big Big Train,2016,Folklore
Billy Talent,2019,Afraid of Heights (Deluxe Version)
Biosphere,1991,Microgravity
Biosphere,1997,Substrata
Birds In Row,2012,"You, Me & The Violence"
Birds In Row,2018,We Already Lost the World
Birds In Row,2022,Gris Klein (Main Digital)
Bj√∂rk,1995,Post
Bj√∂rk,2001,Vespertine
Bj√∂rk,2004,Med√∫lla
Bj√∂rk,2015,Vulnicura
Bj√∂rk,2022,Fossora
Bj√∏rn Riis,2017,Forever Comes to an End
Bj√∏rn Riis,2019,A Storm is Coming
Bj√∏rn Riis,2022,A Fleeting Glimpse - EP
Bj√∏rn Riis,2022,Everything to Everyone
Bj√∏rn Riis,2025,Fimbulvinter
"Black Country, New Road",2021,For the First Time
"Black Country, New Road",2022,Ants From Up There (Deluxe)
Black Foxxes,2024,The Haar
black midi,2019,Schlagenheim
black midi,2021,Cavalcade
black midi,2022,Hellfire
Black Sabbath,1971,Master of Reality (Remastered)
Black Sabbath,1972,Vol. 4
Black Sabbath,1973,Sabbath Bloody Sabbath
Blackbraid,2023,Blackbraid II
Blackbraid,2025,Blackbraid III
Blackfield,2004,Blackfield II (Remastered)
Blackfield,2007,Welcome to My DNA
Blackfield,2017,Blackfield V
Blackfield,2020,For the Music
blessthefall,2015,To Those Left Behind
Blind Ego,2016,Liquid
Blind Ego,2024,The Hunting Party (feat. Kalle Wallner)
Bloc Party,2005,Silent Alarm
Bloc Party,2007,A Weekend in the City
Blood Incantation,2019,Hidden History of the Human Race
Blood Incantation,2024,Absolute Elsewhere
Blur,1993,Modern Life Is Rubbish (Special Edition)
Blur,1994,Parklife
Blur,1997,Blur (2012 Remaster)
Blur,1997,The Best Of
Blur,2023,The Ballad Of Darren (Deluxe)
Boards of Canada,1995,Twoism
Boards of Canada,1998,Music Has the Right to Children
Boards of Canada,2002,Geogaddi
Bob Dylan,1963,The Freewheelin' Bob Dylan
Bob Dylan,1964,The Times They Are A-Changin'
Bob Dylan,1965,Highway 61 Revisited
Bob Dylan,1966,Blonde On Blonde
Bob Dylan,1975,Blood On The Tracks
Bon Jovi,1986,Greatest Hits: The Ultimate Collection (Deluxe Edition)
Boris Brejcha,2019,Space Diver
Boston Manor,2022,Datura
Boston Manor,2024,Sundiver
Botch,1999,We Are the Romans
boygenius,2023,the record
Brad,2023,In The Moment That You're Born
Brian Eno,1978,Ambient 1: Music for Airports
Bring Me The Horizon,2006,Count Your Blessings
Bring Me The Horizon,2008,Suicide Season
Bring Me The Horizon,2010,There is a Hell Believe Me I've Seen It. There is a Heaven Let's Keep it a Secret
Bring Me The Horizon,2013,Sempiternal
Bring Me The Horizon,2015,That's the Spirit
Bring Me The Horizon,2019,amo
Bring Me The Horizon,2019,Music to listen to~dance to~blaze to~pray to~feed to~sleep to~talk to~grind to~trip to~breathe to~help to~hurt to~scroll to~roll to~love to~hate to~learn Too~plot to~play to~be to~feel to~breed to~sweat to~dream to~hide to~live to~die to~GO TO
Bring Me The Horizon,2020,POST HUMAN: SURVIVAL HORROR
Bring Me The Horizon,2024,POST HUMAN: NeX GEn
Bruce Soord,2015,Bruce Soord
Bruce Soord,2019,All This Will Be Yours
Bruce Soord,2023,Luminescence
Brutus,2022,Unison Life
Bryan Ferry,1985,Boys and Girls
Buckethead,2002,Electric Tears
Bullet for My Valentine,2008,Scream Aim Fire
Bullet for My Valentine,2010,Fever
Bullet for My Valentine,2018,Gravity
Bullet for My Valentine,2022,Bullet For My Valentine (Deluxe)
Burial,2007,Untrue
Buried In Verona,2012,Notorious
Buried In Verona,2015,"Vultures Above, Lions Below"
Burzum,1994,Hvis Lyset Tar Oss
Burzum,2010,Belus
Bush,1999,The Science of Things (Remastered)
Bush,2001,Golden State (20th Anniversary Expanded Version)
Bush,2014,Man On the Run
Bush,2017,BLACK and WHITE RAINBOWS (Remastered with Bonus Tracks)
Bush,2020,The Kingdom
Bush,2022,The Art Of Survival (Deluxe)
Bush,2025,I Beat Loneliness
Cage the Elephant,2019,Social Cues
Cage the Elephant,2024,Neon Pill
Caliban,2016,Gravity
Caliban,2018,Elements
Carcass,1993,Heartwork
Carcass,1995,Swansong
Caroline Polachek,2022,"Desire, I Want to Turn Into You"
Casey,2024,How To Disappear
Caspian,2015,Dust and Disquiet
CELESTE,2010,Morte(s) n√©e(s)
CELESTE,2021,Assassine(s)
cEvin Key,2020,Resonance
cEvin Key,2023,"bRap and fOrth, vol. 9"
cEvin Key & Ken Hiwatt Marshall,2003,The Dragon Experience
Chat Pile,2024,Cool World
Chelsea Grin,2016,Self Inflicted Deluxe Edition
Chelsea Wolfe,2013,Pain Is Beauty
Chelsea Wolfe,2019,Birth of Violence
Chelsea Wolfe,2023,She Reaches Out To She Reaches Out To She
Chevelle,2011,Hats Off to the Bull
Chevelle,2014,La G√°rgola
Chevelle,2021,NIRATIAS
Chevelle,2025,Bright as Blasphemy
Cigarettes After Sex,2016,Cigarettes After Sex
Cigarettes After Sex,2019,Cry
Cigarettes After Sex,2024,X's
Cindy Lee,Unknown,Diamond Jubilee
Circa Waves,2019,What‚Äôs It Like Over There?
Circa Waves,2020,Sad Happy
Circa Waves,2023,Never Going Under
Circa Waves,2024,"Death & Love, Pt. 1"
Clawfinger,1993,Deaf Dumb Blind
Clawfinger,1995,Use Your Brain (Remastered)
Clawfinger,1997,Clawfinger
Clawfinger,2005,Hate Yourself with Style
Clawfinger,2007,Life Will Kill You (Limited Edition)
clipping.,2025,Dead Channel Sky
"Clipse, Pusha T & Malice",2025,Let God Sort Em Out
Cloudkicker,2012,Fade
Cloudkicker,2013,Subsume
Cocteau Twins,1984,Treasure
Cocteau Twins,1990,Heaven Or Las Vegas (Remastered)
Coheed and Cambria,2002,The Second Stage Turbine Blade (Re-Issue)
Coheed and Cambria,2003,In Keeping Secrets of Silent Earth: 3
Coheed and Cambria,2005,"Good Apollo I'm Burning Star IV, Vol. 1 - From Fear Through the Eyes of Madness"
Coheed and Cambria,2005,Live At The Starland Ballroom
Coheed and Cambria,2007,No World for Tomorrow
Coheed and Cambria,2010,Year of the Black Rainbow (Deluxe Version)
Coheed and Cambria,2012,The Afterman: Ascension
Coheed and Cambria,2012,The Afterman: Deluxe Edition
Coheed and Cambria,2015,The Color Before the Sun (Deconstructed Deluxe)
Coheed and Cambria,2018,The Unheavenly Creatures
Coheed and Cambria,2022,Vaxis II: A Window of the Waking Mind
Coheed and Cambria,2025,The Father of Make Believe
Coil,1984,Scatology
Coil,1986,Horse Rotorvator
Coil,1987,Gold Is the Metal (With the Broadest Shoulders)
Coil,1987,The Unreleased Themes for Hellraiser
Coil,1991,Love's Secret Domain
Coil,2005,The Ape of Naples (2022 Remastered Version)
Coil,Unknown,Black Antlers
Coil,Unknown,Stolen & Contaminated Songs
Coil,Unknown,The Angelic Conversation
Coil,Unknown,The Remote Viewer
Colin Stetson,2023,When We Were That What Wept For the Sea
Colin Stetson,2024,The Love It Took To Leave You
Come to Grief,2017,Killed By Life
Come to Grief,2022,When the World Dies
Comeback Kid,2003,Turn It Around
Comeback Kid,2017,Outsider
Comeback Kid,2022,Heavy Steps
Converge,1998,When Forever Comes Crashing
Converge,2004,You Fail Me
Converge,2012,All We Love We Leave Behind (Deluxe Edition)
Converge,2016,You Fail Me Redux
Coroner,2025,Dissonance Theory
corto.alto,2023,Bad with Names
Cradle of Filth,1996,Dusk & Her Embrace
Crippled Black Phoenix,2010,"I, Vigilante"
Crippled Black Phoenix,2014,White Light Generator
Crippled Black Phoenix,2024,Horrific Honorifics Number Two (2)
Crippled Black Phoenix,2024,The Wolf Changes Its Fur But Not Its Nature
Cult of Luna,2002,The Beyond
Cult of Luna,2004,Salvation
Cult of Luna,2012,Vertikal
Cult of Luna,2012,Vertikal I & II
Cult of Luna,2017,Live at La Ga√Æt√© Lyrique: Paris
Cult of Luna,2019,A Dawn to Fear
Cult of Luna,2021,The Raging River
Cult of Luna,2022,The Long Road North
Cyhra,2019,No Halos in Hell
Cyhra,2022,The Vertigo Trigger
Cynic,1993,Focus (Expanded Edition)
Cynic,2008,Traced in Air
Dark Tranquillity,1995,The Gallery
Dark Tranquillity,1997,The Mind's I
Dark Tranquillity,1999,Projector
Dark Tranquillity,2000,Haven
Dark Tranquillity,2016,Atoma
Dark Tranquillity,2020,Moment
Dark Tranquillity,2024,Endtime Signals
Daron Malakian And Scars On Broadway,2008,Scars on Broadway
Daron Malakian And Scars On Broadway,2018,Dictator
Daron Malakian And Scars On Broadway,2025,Addicted To The Violence
David Bowie,1972,The Rise and Fall of Ziggy Stardust and the Spiders from Mars (2012 Remaster)
David Bowie,1973,Aladdin Sane (2013 Remaster)
David Bowie,1974,Diamond Dogs (2016 Remaster)
David Bowie,1976,Station to Station (2016 Remaster)
David Bowie,1977,"""Heroes"" (2017 Remaster)"
David Bowie,1977,Low (2017 Remaster)
David Bowie,1980,Scary Monsters (And Super Creeps) [2017 Remaster]
David Bowie,1983,Let's Dance (2018 Remaster)
David Bowie,2013,The Next Day
David Bowie,2015,Blackstar
Dead By April,2017,Worlds Collide
Dead By April,2024,The Affliction
Dead Can Dance,1985,Spleen and Ideal (Remastered)
Dead Can Dance,1987,Within the Realm of a Dying Sun (Remastered)
Dead Can Dance,1988,The Serpent‚Äôs Egg (Remastered)
DEADLETTER,2024,Hysterical Strength
Deadsoul Tribe,Unknown,A Lullaby for the Devil
Deadsoul Tribe,Unknown,A Murder of Crows
Deadsoul Tribe,Unknown,Dead Soul Tribe
Deadsoul Tribe,Unknown,The Dead Word
Deadsoul Tribe,Unknown,The January Tree
Deafheaven,2018,Ordinary Corrupt Human Love
Deafheaven,2021,Infinite Granite
Deafheaven,2023,Sunbather (10th Anniversary Remix / Remaster)
Deafheaven,2025,Lonely People With Power
Death,1988,Leprosy (Deluxe Reissue)
Death,1991,Human
Death Angel,2013,The Dream Calls for Blood
Death Angel,2019,Humanicide
Death Cab for Cutie,2003,Transatlanticism
Death Cab for Cutie,2005,Plans
Death Cab for Cutie,2022,Asphalt Meadows
Death from Above 1979,2004,"You're a Woman, I'm a Machine"
Death Grips,2012,The Money Store
Death Grips,2018,Year of the Snitch
Decembre Noir,2020,The Renaissance of Hope
Deena Abdelwahed,2018,Khonnar
Deep Purple,1972,Machine Head (Remastered)
Deep Purple,1974,Burn (30th Anniversary Edition)
Deep Purple,1974,Stormbringer (35th Anniversary Edition)
Deep Purple,1984,Perfect Strangers (Bonus Track Version)
Deep Purple,1987,The House of Blue Light
Deep Purple,1990,Slaves and Masters (Bonus Track Version)
Deep Purple,Unknown,The Battle Rages On
Def Leppard,1983,Pyromania
Def Leppard,1987,Hysteria
Deftones,1997,Around the Fur
Deftones,2000,White Pony
Deftones,2003,Deftones
Deftones,2006,Covers
Deftones,2006,Saturday Night Wrist (Bonus Track Version)
Deftones,2010,Diamond Eyes (Deluxe Edition)
Deftones,2012,Koi No Yokan
Deftones,2016,Gore
Deftones,2020,Ohms
Deftones,2025,private music
Delerium,1988,"Faces, Forms and Illusions"
Delerium,1994,Semantic Spaces
Delerium,2003,Chimera
Depeche Mode,1990,Violator (Deluxe)
Depeche Mode,1993,Songs of Faith and Devotion (Deluxe)
Depeche Mode,1993,Songs of Faith and Devotion Live
Devin Townsend,1997,Ocean Machine
Devin Townsend,1998,Infinity (Remastered 2023)
Devin Townsend,2000,Physicist
Devin Townsend,2001,Terria
Devin Townsend Project,2009,Addicted
Devin Townsend Project,2009,Ki
Devin Townsend Project,2012,Epicloud
Devin Townsend Project,2014,Z¬≤
Devin Townsend Project,2016,Transcendence (Deluxe Edition)
Diary of Dreams,2000,One of 18 Angels
Diary of Dreams,2012,The Anatomy of Silence
Diary of Dreams,2023,Melancholin
DIIV,2019,Deceiver
DIIV,2024,Frog In Boiling Water
Dire Straits,1980,Making Movies
Dire Straits,1982,Love Over Gold (Remastered)
Dire Straits,1985,Brothers In Arms (Remastered 1996)
Dire Straits,1991,On Every Street (Remastered)
Disturbed,2000,The Sickness
Disturbed,2010,Asylum (Deluxe Edition)
Disturbed,2015,Immortalized
Ditz,2022,The Great Regression
Ditz,2025,Never Exhale
Downfall Of Gaia,2019,Ethic of Radical Finitude
Downfall Of Gaia,2023,Silhouettes of Disgust
Download,1996,The Eyes of Stanley Pain
Download,1997,III
Download,2019,Unknown Room
Dream Theater,1992,Images and Words
Dream Theater,1994,Awake
Dream Theater,1995,A Change of Seasons
Dream Theater,1997,Falling Into Infinity
Dream Theater,1999,"Metropolis, Pt. 2: Scenes from a Memory"
Dream Theater,2002,Six Degrees of Inner Turbulence
Dream Theater,2003,Train of Thought
Dream Theater,2005,Octavarium
Dream Theater,2007,Systematic Chaos
Dream Theater,2009,Black Clouds & Silver Linings (Special Edition)
Dream Theater,2011,A Dramatic Turn of Events
Dream Theater,2021,A View from the Top of the World
Dua Lipa,2019,Future Nostalgia
Dua Lipa,2024,Radical Optimism
Duran Duran,1981,Duran Duran
Duran Duran,1982,Rio (Collectors Edition)
Duran Duran,1986,Notorious
Duran Duran,1993,Duran Duran (The Wedding Album)
Dvne,2014,Progenitor
Dvne,2017,Asheran
Dvne,2021,Etemen √Ünka
Dvne,2024,Voidkind
Dying Fetus,2012,Reign Supreme (Deluxe Version)
D√§lek,2022,Precipice
Earthside,2023,Let the Truth Speak
Editors,2005,The Back Room
Editors,2007,An End Has a Start
Editors,2009,In This Light and On This Evening
Editors,2013,The Weight of Your Love
Editors,2015,IN DREAM (Deluxe Version)
Editors,2018,Violence
Editors,2022,EBM
Einar Solberg,2023,16
Einst√ºrzende Neubauten,1985,Halber Mensch
Einst√ºrzende Neubauten,1989,Haus der L√ºge
Einst√ºrzende Neubauten,2000,Silence Is Sexy
Einst√ºrzende Neubauten,2007,Alles wieder offen
Einst√ºrzende Neubauten,Unknown,Tabula Rasa
El Grupo Nuevo De Omar Rodr√≠guez-L√≥pez,2009,Cryptomnesia
Eloy,2010,Visionary
Elton John,1973,Goodbye Yellow Brick Road (40th Anniversary Celebration / Super Deluxe Edition)
Elton John,1975,Captain Fantastic and the Brown Dirt Cowboy
Emma Ruth Rundle,2016,Marked for Death
End of Green,2002,Believe... My Friend
End of Green,2002,Songs for a Dying World
End of Green,2005,Dead End Dreaming
End of Green,2008,The Sick's Sense
End of Green,2010,High Hopes In Low Places
End of Green,2017,Void Estate
English Teacher,2024,This Could Be Texas
Enslaved,2012,Riitiir
Enslaved,2017,E
Enter Shikari,2023,A Kiss for the Whole World (Deluxe)
Evergrey,2008,Torn (Remasters Edition)
Evergrey,2018,The Atlantic
Evergrey,2020,Escape of the Phoenix
Evergrey,2022,A Heartless Portrait (The Orph√©an Testament)
Evergrey,2024,Theories Of Emptiness
Explosions In the Sky,2003,The Earth Is Not a Cold Dead Place
Explosions In the Sky,2023,End
Exxasens,2009,Beyond the Universe
Exxasens,2015,Back to Earth
Faith No More,1985,We Care a Lot (Deluxe Band Edition Remastered)
Faith No More,1987,Introduce Yourself
Faith No More,1989,The Real Thing (Deluxe Edition)
Faith No More,1992,Angel Dust
Faith No More,1995,"King for a Day, Fool for a Lifetime"
Faith No More,1997,Album of the Year (Remastered) [Deluxe Edition]
Faith No More,2015,Sol Invictus
Fall Out Boy,2013,Save Rock And Roll
Fall Out Boy,2015,American Beauty / American Psycho
Falling In Reverse,2013,Fashionably Late (Deluxe Edition)
Falling In Reverse,2017,Coming Home (Deluxe Edition)
Fallujah,2014,The Flesh Prevails
Fallujah,2019,Undying Light
Fallujah,2022,Empyrean
Fallujah,2025,Xenotaph
Fates Warning,1988,No Exit (25th Anniversary Edition)
Fates Warning,1989,Perfect Symmetry
Fates Warning,1991,Parallels (Expanded Edition)
Fates Warning,1994,Inside Out
Fates Warning,1998,Still Life
Fates Warning,2000,Disconnected
Fates Warning,2004,FWX
Fates Warning,2013,Darkness in a Different Light
Fates Warning,2016,Theories of Flight
Fates Warning,2020,Long Day Good Night
Fear Factory,1992,Soul of a New Machine
Fear Factory,1995,Demanufacture
Fear Factory,1995,Remanufacture
FKA twigs,2024,EUSEXUA
Fleshgod Apocalypse,2019,Veleno
Fleshgod Apocalypse,2024,Opera
Floating Points,2024,Cascade
Flying Lotus,2010,Cosmogramma
Flying Lotus,2012,Until the Quiet Comes
Flying Lotus,2021,Yasuke
Flying Lotus,2024,Spirit Box
Foals,2008,Antidotes
Foals,2019,Everything Not Saved Will Be Lost Part I
Foals,2019,Everything Not Saved Will Be Lost Part II
Foals,2022,Life Is Yours
Fontaines D.C.,2020,A Hero's Death
Fontaines D.C.,2022,Skinty Fia go deo
Fontaines D.C.,2024,Romance
Foo Fighters,1995,Foo Fighters
Foo Fighters,1997,The Colour And The Shape
Foo Fighters,1999,There Is Nothing Left to Lose
Foo Fighters,2005,In Your Honor
Foo Fighters,2007,"Echoes, Silence, Patience & Grace"
Foo Fighters,2011,Wasting Light
Foo Fighters,2014,Sonic Highways
Foo Fighters,2017,Concrete and Gold
Foo Fighters,2021,Medicine At Midnight
Foo Fighters,2023,But Here We Are
Forest Swords,2023,Bolted
Frail Body,2024,Artificial Bouquet
Franz Ferdinand,2004,Franz Ferdinand
Franz Ferdinand,2005,You Could Have It So Much Better
Friko,2024,"Where we've been, Where we go from here"
Front 242,1993,05:22:09:12 Off
Front 242,1993,06:21:03:11 Up Evil
Front 242,1993,Angels Versus Animal
Front Line Assembly,2004,Civilization
Front Line Assembly,2006,Artificial Soldier
Fugazi,1989,13 Songs
Fugazi,1990,Repeater & 3 Songs
Galahad,2023,The Long Goodbye
Garbage,1995,Garbage (20th Anniversary Edition - 2015 Remaster)
Garbage,1998,Version 2.0 (20th Anniversary Deluxe Edition)
Garbage,2021,No Gods No Masters
Garbage,2025,Let All That We Imagine Be The Light
Gazpacho,2010,Missa Atropos
Gazpacho,2012,March of Ghosts
Gazpacho,2014,Demon
Genesis,1973,Selling England By the Pound (2007 Stereo Mix)
Genesis,1974,The Lamb Lies Down on Broadway (2007 Stereo Mix)
Genesis,1986,Invisible Touch (2007 Remaster)
Ghost,2010,Opus Eponymous
Ghost,2015,Meliora
Ghost,2018,Prequelle
Ghost,2022,IMPERA
Ghost,2025,Skelet√°
Gilla Band,2015,Holding Hands with Jamie
Gilla Band,2019,The Talkies
Gilla Band,2022,Most Normal
glass beach,2024,plastic death
Global Communication,1990,76:14
God Is an Astronaut,2006,"All Is Violent, All Is Bright (Remastered)"
God Is an Astronaut,2010,Age Of The Fifth Sun
God Is an Astronaut,2011,God Is An Astronaut (Remastered)
God Is an Astronaut,2013,Origins
God Is an Astronaut,2015,Helios / Erebus
God Is an Astronaut,2018,Epitaph
God Is an Astronaut,2021,Ghost Tapes #10
God Is an Astronaut,2022,Somnia
God Is an Astronaut,2024,Embers
Godspeed You! Black Emperor,1997,F‚ôØ A‚ôØ ‚àû
Godspeed You! Black Emperor,2000,Lift Your Skinny Fists Like Antennas to Heaven
Gogol Bordello,2010,Trans-Continental Hustle
GOJIRA,2005,From Mars to Sirius
GOJIRA,2008,The Way of All Flesh
GOJIRA,2012,L'enfant sauvage (Special Edition)
GOJIRA,2016,Magma
GOJIRA,2021,Fortitude
Gorillaz,2005,Demon Days
Gorillaz,2022,Cracker Island
Greta Van Fleet,2023,Starcatcher
Grian Chatten,2023,Chaos For the Fly
Grima,2022,Frostbitten
Grima,2025,Nightside
Grimes,2012,Visions
Grimes,2021,Miss Anthropocene (Rave Edition)
Guano Apes,1997,Proud Like a God
Guano Apes,2000,Don't Give Me Names
Guano Apes,2002,Walking On a Thin Line
Guano Apes,2011,Bel Air
Guns N' Roses,1987,Appetite for Destruction
Guns N' Roses,1991,Use Your Illusion I
Guns N' Roses,1991,Use Your Illusion II
Guy Manning,Unknown,Charlestown
Guy Manning,Unknown,Margaret's Children
Guy Manning,Unknown,The Ragged Curtain
Guy Manning,Unknown,"The Root, the Leaf & the Bone"
Guy Manning,Unknown,The View From My Window
Harakiri for the Sky,2016,III: Trauma
Harakiri for the Sky,2020,M√¶re
Harakiri for the Sky,2022,Aokigahara MMXXII
Harakiri for the Sky,2022,Harakiri for the Sky MMXXII
Harakiri for the Sky,2024,Scorched Earth
Hayley Williams,2020,Petals For Armor
Heartworms,2025,Glutton For Punishment
Helloween,1988,"Keeper of the Seven Keys, Pt. II (Expanded Edition)"
Helloween,1994,Master of the Rings (Expanded Edition)
Helloween,2005,Keeper of the Seven Keys: The Legacy
Helloween,2021,Helloween
Helloween,2025,Giants & Monsters
High Vis,2024,Guided Tour
HIM,1997,Greatest Love Songs Vol. 666
HIM,1999,Razorblade Romance (Bonus Track Version)
HMLTD,2023,The Worm
Hollywood Undead,2017,Five
Horse Lords,2022,Comradely Objects
House of Protection,2024,GALORE - EP
IAMX,2004,Kiss + Swallow
IAMX,2006,The Alternative
IAMX,2009,Kingdom of Welcome Addiction
IAMX,2011,Volatile Times
IAMX,2013,The Unified Field
IAMX,2015,Metanoia
IAMX,2016,Everything is Burning (Metanoia Addendum)
IAMX,2018,Alive In New Light
IAMX,2023,Fault Lines¬π
IAMX,2024,Fault Lines¬≤
Ibaraki,2022,Rashomon
IDLES,2017,Brutalism
IDLES,2017,Five Years of Brutalism
IDLES,2018,Joy as an Act of Resistance.
IDLES,2019,A Beautiful Thing: IDLES Live at Le Bataclan
IDLES,2020,Ultra Mono
IDLES,2021,CRAWLER
IDLES,2024,TANGK
If These Trees Could Talk,2006,If These Trees Could Talk
If These Trees Could Talk,2009,"Above the Earth, Below the Sky"
If These Trees Could Talk,2012,Red Forest
If These Trees Could Talk,2016,The Bones of a Dying World
Iggy Pop,1977,Essential: Iggy Pop
Iggy Pop,2016,Post Pop Depression
Iggy Pop,2022,EVERY LOSER
Igorrr,2025,Amen
Ihsahn,2016,Arktis.
Ihsahn,2018,√Åmr
Ihsahn,2024,Ihsahn
Ill Considered,2021,Liminal Space
Ill Considered,2024,Emergence (feat. Rob Lewis)
Ill Considered,2024,Infrared
Ill Considered,2024,Precipice
Ill Considered,2024,Unevensong
Ill Considered,2025,Balm
In Flames,2016,Battles
In Flames,2019,"I, the Mask"
In Flames,2023,Foregone
In Mourning,2012,The Weight of Oceans
In Mourning,2025,The Immortal
In the Woods...,2018,Cease the Day
In This Moment,2020,Mother
Incubus,1997,S.C.I.E.N.C.E.
Incubus,1999,Make Yourself
Incubus,2011,"If Not Now, When?"
Infected Mushroom,1999,The Gathering
Infected Mushroom,2000,Classical Mushroom
Interpol,2002,Turn On the Bright Lights (The Tenth Anniversary Edition - 2012 Remaster)
Interpol,2004,Antics
Interpol,2010,Interpol
Interpol,2014,El Pintor
Interpol,2018,Marauder
Interpol,2022,The Other Side of Make-Believe
IQ,2025,Almost But Not Quite
Iron Maiden,1982,The Number of the Beast
Iron Maiden,1988,Seventh Son of a Seventh Son
ISIS,2000,Celestial
ISIS,2002,Oceanic (Remastered)
ISIS,2009,Wavering Radiant
Ivanhoe,2005,Lifeline
Jack White,2022,Entering Heaven Alive
Jerry Cantrell,1998,Boggy Depot
Jerry Cantrell,2002,"Degradation Trip, Vols. 1 & 2"
Jerry Cantrell,2021,Brighten
Jerry Cantrell,2024,I Want Blood
Jethro Tull,1972,Thick As A Brick (2012 Steven Wilson Stereo Remix)
Job for a Cowboy,2024,Moon Healer
John Coltrane,1958,Blue Train
John Coltrane,1965,A Love Supreme
John Frusciante,2014,Enclosure
Jonathan Davis,2018,Black Labyrinth
Joy Division,1979,Unknown Pleasures (Collector's Edition)
Judas Priest,1980,British Steel (Bonus Track Version)
Judas Priest,1982,Screaming for Vengeance (Bonus Track Version)
Judas Priest,1984,Defenders of the Faith (Bonus Track Version)
Judas Priest,1990,Painkiller
Justin Hurwitz,2014,Whiplash (Original Motion Picture Soundtrack)
Kanye West,2013,Yeezus
Kasabian,2022,The Alchemist's Euphoria
Katatonia,2001,Last Fair Deal Gone Down
Katatonia,2003,Dead End Kings (Deluxe Edition)
Katatonia,2003,Viva Emptiness
Katatonia,2006,The Great Cold Distance
Katatonia,2020,City Burials
Katatonia,2022,Sky Void of Stars
Katatonia,2025,Nightmares as Extensions of the Waking State
Keith Jarrett,1975,The K√∂ln Concert (Live)
Kepler Ten,2017,Delta-v
Kick Chill,2023,–í—ã–≥–æ—Ä–∞–Ω–∏–µ - EP
Kick Chill,2024,–ú–æ–Ω—Å—Ç—Ä –Ω–µ–¥–µ–ª–∏
Killing Joke,1985,Night Time
Killing Joke,2003,Killing Joke (2017 Remastered Version)
Kim Gordon,2024,The Collective
King Crimson,1969,In the Court of the Crimson King (Expanded Edition)
King Crimson,1973,Larks' Tongues In Aspic (Expanded Edition)
King Crimson,1974,Red (Expanded Edition)
King Crimson,1974,Starless and Bible Black (Expanded Edition)
King Crimson,1981,Discipline (Expanded Edition)
King Crimson,1982,Beat (Expanded Edition)
King Crimson,1984,Three of a Perfect Pair (Expanded Edition)
King Crimson,1995,THRAK (Expanded Edition)
King Diamond,1987,Abigail
King Hannah,2020,Tell Me Your Mind and I'll Tell You Mine
King Hannah,2021,"I'm Not Sorry, I Was Just Being Me"
King Hannah,2024,Big Swimmer
KMFDM,2010,Greatest Shit
Knocked Loose,2024,You Won't Go Before You're Supposed To
Korn,1994,Korn
Korn,1996,Life Is Peachy
Korn,1998,Follow The Leader
Korn,1999,Issues
Korn,2003,Take A Look In The Mirror
Korn,2005,See You On the Other Side
Korn,2007,Untitled (Deluxe)
Korn,2010,Korn III: Remember Who You Are
Korn,2011,The Path of Totality
Korn,2016,The Serenity of Suffering (Deluxe)
Korn,2019,The Nothing
Korn,2022,Requiem
Kreator,1989,Extreme Aggression
Kreator,1990,Coma of Souls
Kreator,1992,Renewal
L.S. Dunes,2022,Past Lives
L.S. Dunes,2025,Violet
La Dispute,2008,Somewhere at the Bottom of the River Between Vega and Altair (10th Anniversary)
La Dispute,2011,Wildlife
La Dispute,2014,Rooms of the House
La Dispute,2016,Tiny Dots
La Dispute,2019,Panorama
La Dispute,2020,Panorama Remixed
La Dispute,2025,No One Was Driving the Car
Lacrimas Profundere,1999,Memorandum
Lacrimas Profundere,2002,"Fall, I Will Follow"
Lacrimas Profundere,2004,Ave End
Lacrimas Profundere,2006,Filthy Notes for Frozen Hearts
Lacrimas Profundere,2008,Songs for the Last View
Lacrimas Profundere,2010,The Grandiose Nowhere
Lacrimas Profundere,2013,Antiadore
Lacrimas Profundere,2016,Hope Is Here
Lacrimas Profundere,2019,Bleeding the Stars
Lacrimas Profundere,2022,How to Shroud Yourself with Night
Lake of Tears,1995,Headstones
Lake of Tears,1997,A Crimson Cosmos
Lake of Tears,1999,Forever Autumn
Lake of Tears,2002,The Neonai
Lake of Tears,2004,Black Brick Road
Lake of Tears,2007,Moons and Mushrooms
Lake of Tears,2011,Illwill
Lake of Tears,2020,Ominous
Lamb,1996,Lamb
Lamb,1999,Fear of Fours
Lamb,2001,What Sound
Lamb,2003,Between Darkness and Wonder
Lamb,2011,5
Lamb,2014,Backspace Unwind
Lamb,2019,The Secret of Letting Go (Deluxe)
Lamb of God,2004,Ashes of the Wake (20th Anniversary Edition)
Lamb of God,2020,Lamb of God
Lamb of God,2022,Omens
Lana Del Rey,2011,Born to Die - The Paradise Edition
Lana Del Rey,2014,Ultraviolence
Lana Del Rey,2015,Honeymoon
Lana Del Rey,2019,Norman Fucking Rockwell!
LCD Soundsystem,2010,This Is Happening
Led Zeppelin,1969,Led Zeppelin (Remastered)
Led Zeppelin,1969,Led Zeppelin II (Remastered)
Led Zeppelin,1970,Led Zeppelin III (Remastered)
Led Zeppelin,1971,Led Zeppelin IV (Remastered)
Led Zeppelin,1973,Houses of the Holy (Remastered)
Led Zeppelin,1975,Physical Graffiti (Remastered)
Leprous,2017,Malina
Leprous,2019,Pitfalls
Leprous,2024,Melodies Of Atonement
Lights Out Asia,2012,Garmonia
Limp Bizkit,1999,Significant Other
Limp Bizkit,2000,Chocolate Starfish and the Hot Dog Flavored Water
LINKIN PARK,2000,Hybrid Theory (Deluxe Edition)
LINKIN PARK,2003,Meteora (20th Anniversary Edition)
London Brew,2023,"London Brew (feat. Dan See, Benji B, Nubya Garcia, Martin Terefe, Tom Skinner, Tom Herbert, Dave Okumu, Theon Cross, Shabaka Hutchings, Raven Bush, Nikolaj Torp Larsen & Nick Ramm)"
London Grammar,2017,Truth Is a Beautiful Thing (Deluxe Version)
London Grammar,2021,Californian Soil
London Grammar,2024,The Greatest Love
Lonely Guest & Tricky,2021,Lonely Guest
Long Distance Calling,2007,Satellite Bay (Bonus)
Long Distance Calling,2009,Avoid the Light
Long Distance Calling,2011,Long Distance Calling
Long Distance Calling,2020,How Do We Want to Live?
Long Distance Calling,2021,Ghost
Long Distance Calling,2022,Eraser
Lorde,2013,Pure Heroine
Lorde,2017,Melodrama
Lorde,2025,Virgin
Lords of Black,2014,Lords Of Black
Lorna Shore,2025,I Feel The Everblack Festering Within Me
Lost Society,2022,If The Sky Came Down
Lunatic Soul,2008,Lunatic Soul
Lunatic Soul,2010,Lunatic Soul II
Lunatic Soul,2018,Under the Fragmented Sky
Lunatic Soul,2020,Through Shaded Woods (Deluxe Edition)
Lush,1990,Gala
Machine Head,1994,Burn My Eyes
Machine Head,1996,The More Things Change...
Machine Head,1999,The Burning Red
Machine Head,2001,Supercharger
Machine Head,2003,Through the Ashes of Empires
Machine Head,2007,The Blackening
Machine Head,2014,Bloodstone & Diamonds
Machine Head,2018,Catharsis
Machine Head,2022,√òF KINGD√òM AND CR√òWN
Machine Head,2025,UNAT√òNED
Machine Men,2003,Scars & Wounds
Machine Men,2005,Elegies
Machine Men,2007,Circus of Fools
Mad Season,2013,Above (Deluxe Edition)
Madonna,1998,Ray of Light
Madonna,2000,Music
Madonna,2003,American Life
Madonna,2005,Best of 2005 ‚Äì Pop Songs
Madonna,2005,Best-sellers - Top Songs
Madonna,2005,Confessions on a Dance Floor
Madrugada,2002,Grit
Madrugada,2008,Madrugada
Madrugada,2021,Chimes At Midnight (Special Edition)
Man With No Name,1996,Moment of Truth
Manchester Orchestra,2017,A Black Mile To The Surface
"Mandy, Indiana",2023,I've Seen a Way
Manic Street Preachers,1992,Generation Terrorists
Manic Street Preachers,1993,Gold Against the Soul (Remastered)
Manic Street Preachers,1994,The Holy Bible 20 (Remastered)
Manic Street Preachers,2009,Journal for Plague Lovers
Mantar,2022,Pain Is Forever and This Is the End
Mantar,2025,Post Apocalyptic Depression
Marillion,1983,Script For a Jester's Tear
Marillion,1985,Misplaced Childhood (2017 Remaster)
Marillion,1987,Clutching at Straws (2018 Remix)
Marillion,1989,Marillion.Com
Marillion,1989,Seasons End (2023 Remix) [Deluxe Edition]
Marillion,1994,Brave
Marillion,1995,Afraid of Sunlight
Marillion,2001,Anoraknophobia
Marillion,2004,Marbles
Marillion,2007,Somewhere Else
Marillion,2009,Less Is More
Marillion,2012,Sounds That Can't Be Made (Special Edition)
Marillion,2016,Fuck Everyone and Run (F E A R)
Marillion,2021,An Hour Before It's Dark
Marillion,2021,Fugazi (2021 Stereo Remix)
Marillion,2024,This Strange Engine (Deluxe Edition)
Marilyn Manson,1998,Mechanical Animals
Marilyn Manson,2000,Holy Wood (In the Shadow of the Valley of Death)
Marilyn Manson,2003,The Golden Age of Grotesque
Marilyn Manson,2020,WE ARE CHAOS
Marilyn Manson,2024,One Assassination Under God - Chapter 1
Marta & Tricky,2023,When It's Going Wrong
Marta & Tricky,2025,Out the Way
Maruja,2022,Knocknarea - EP
Maruja,2024,Connla's Well - EP
Maruja,2025,Pain to Power
Maruja,2025,T√≠r na n√ìg - EP
Massive Attack,1991,Blue Lines (2012 Mix / Master)
Massive Attack,1991,Blue Lines (2012 Mix/Master)
Massive Attack,1998,Mezzanine (Deluxe)
Mastodon,2004,Leviathan
Mastodon,2006,Blood Mountain (Deluxe Version)
Mastodon,2009,Crack the Skye
Mastodon,2014,Once More 'Round the Sun
Mastodon,2017,Emperor of Sand
Mastodon,2021,Hushed and Grim
Max Richter,2003,Memoryhouse
Maybeshewill,2008,Not for Want of Trying + 4
Maybeshewill,2011,"I Was Here for a Moment, Then I Was Gone (10th Anniversary Reissue)"
Maybeshewill,2014,Fair Youth
Maybeshewill,2021,No Feeling Is Final
Mazzy Star,1993,So Tonight That I Might See
Mazzy Star,1996,Among My Swan
Megadeth,1985,Killing Is My Business... And Business Is Good!
Megadeth,1986,Peace Sells... But Who's Buying?
Megadeth,1988,"So Far, So Good... So What! (Remastered)"
Megadeth,1990,Rust In Peace (2004 Remix / Expanded Edition)
Megadeth,1992,Countdown To Extinction
Megadeth,1994,Youthanasia
Megadeth,1997,Cryptic Writings (Remastered)
Megadeth,1999,Risk (Remastered)
Megadeth,2001,The World Needs a Hero (2019 Remaster)
Megadeth,2004,The System Has Failed (2019 Remaster)
Megadeth,2007,United Abominations (2019 Remaster)
Megadeth,2009,Endgame (2019 Remaster)
Megadeth,2010,Th1rt3en
Megadeth,2013,Super Collider
Megadeth,2015,Dystopia (Bonus Track Version)
Megadeth,2022,"The Sick, The Dying‚Ä¶ And The Dead!"
Megadeth,Unknown,Megadeth
Melt Yourself Down,2013,Melt Yourself Down
Melt Yourself Down,2016,Last Evenings on Earth
Melt Yourself Down,2020,100% Yes
Melt Yourself Down,2021,Pray For Me I Don‚Äôt Fit In
Mesh,1999,The Point at Which It Falls Apart
Messa,2025,The Spin
Metallica,1983,Kill 'Em All (Remastered)
Metallica,1984,Ride the Lightning (Remastered)
Metallica,1986,Master of Puppets (Remastered)
Metallica,1988,‚Ä¶And Justice for All (Remastered)
Metallica,1991,Metallica (Remastered)
Metric,2003,"Old World Underground, Where Are You Now?"
Metric,2007,Grow Up and Blow Away
Metric,2008,Fantasies
Metric,2018,Art of Doubt
Metric,2022,Formentera
Metric,2023,Formentera II
Miles Davis,1957,Birth of the Cool
Miles Davis,1959,Kind of Blue
Miles Davis,1970,Bitches Brew
mind.in.a.box,2010,R.E.T.R.O.
Ministry,1988,The Land of Rape and Honey
Moderat,2009,Moderat (Deluxe Version)
Moderat,2013,II
Moderat,2016,III (Deluxe Edition)
Moderat,2022,MORE D4TA
Moderat,2023,EVEN MORE D4TA
Moderat,2023,II (10th Anniversary Sped-up Edition)
Modeselektor,2011,Monkeytown
Modeselektor,2019,Who Else
Modeselektor,2021,Extended
Modeselektor,2021,EXTLP
Modeselektor & FLOHIO,2021,Social Distancing
Mogwai,1997,Mogwai Young Team (Remastered)
Mogwai,1999,Come on Die Young (Deluxe Edition)
Mogwai,2003,Happy Songs for Happy People
Mogwai,2008,The Hawk Is Howling
Mogwai,2011,Hardcore Will Never Die But You Will (Music for a Forgotten Future)
Mogwai,2012,A Wrenched Virile Lore
Mogwai,2016,Atomic
Mogwai,2017,Every Country's Sun
Mogwai,2018,Kin
Mogwai,2020,Zerozerozero
Mogwai,2021,As the Love Continues
Mogwai,2024,The Bad Fire
Molchat Doma,2024,Belaya Polosa
Moloko,2002,Statues
Monika Roscher Bigband,2023,Witchy Activities and the Maple Death
MONO,2009,Hymn to the Immortal Wind
MONO,2016,Requiem for Hell
MONO,2019,Nowhere Now Here
MONO,2021,Pilgrimage of the Soul
MONO,2024,OATH
Moonspell,1995,Wolfheart (Deluxe Edition)
Moonspell,1996,Irreligious
Moonspell,1997,Second Skin
Moonspell,1998,Sin / Pecado
Moonspell,2017,1755
Moonspell,2020,Hermitage
Morbid Angel,1993,Covenant (Full Dynamic Range Edition)
Morbid Angel,2003,Heretic (Deluxe Edition)
Mother of Millions,2014,Human
Mother of Millions,2019,Artifacts
Mother of Millions,2024,Magna Mater
Mount Eerie,2024,Night Palace
Muse,2001,Origin of Symmetry
Muse,2003,Absolution
my bloody valentine,1991,loveless
My Chemical Romance,2004,Three Cheers for Sweet Revenge
My Chemical Romance,2006,The Black Parade (Deluxe Version)
My Dying Bride,1992,As the Flowers Withers
My Dying Bride,1993,A Line of Deathless Kings
My Dying Bride,1993,Evinta
My Dying Bride,1993,For Lies I Sire
My Dying Bride,1993,The Angel & The Dark River
My Dying Bride,1993,Turn Loose the Swans
My Dying Bride,1996,Like Gods of the Sun
My Dying Bride,1998,34.788%... Complete
My Dying Bride,1999,The Light at the End of the World
My Dying Bride,2001,The Dreadful Hours
My Dying Bride,2004,"Songs Of Darkness, Words Of Light"
My Dying Bride,2012,A Map of All Our Failures - Deluxe Edition
My Dying Bride,2015,Feel the Misery
My Dying Bride,2020,The Ghost of Orion
My Dying Bride,2024,A Mortal Binding
My Own Private Alaska,2010,Amen
My Own Private Alaska,2024,All The Lights On
My Sleeping Karma,2010,Tri
My Sleeping Karma,2015,Moksha
My Sleeping Karma,2022,Atma
Myrkur,2017,Mareridt (Deluxe Version)
Myrkur,2023,Spine
NAILS,2024,Every Bridge Burning
Ne Obliviscaris,2017,Urn
Ne Obliviscaris,2022,Exul
Neal Morse,2024,"The Restoration - Joseph, Pt. Two"
Neal Morse,Unknown,It's Not Too Late
Neal Morse,Unknown,Neal Morse
Neal Morse,Unknown,Testimony
Neurosis,1992,Souls at Zero
Neurosis,1996,Through Silver In Blood
Neurosis,1999,Times of Grace
Neuroticfish,2016,Gelb (Remastered)
Neuroticfish,2023,The Demystification of the Human Heart
Nevermore,2010,The Obsidian Conspiracy
New Order,1981,Substance
New Order,1983,"Power, Corruption & Lies"
New Order,1989,Technique
Nick Cave & The Bad Seeds,1984,From Her to Eternity (2009 - Remaster)
Nick Cave & The Bad Seeds,1986,Your Funeral... My Trial (2009 - Remaster)
Nick Cave & The Bad Seeds,1988,Tender Prey (2010 - Remaster)
Nick Cave & The Bad Seeds,1994,Let Love In (2011 Remaster)
Nick Cave & The Bad Seeds,1996,Murder Ballads (2011 - Remaster)
Nick Cave & The Bad Seeds,2001,No More Shall We Part (2011 - Remaster)
Nick Cave & The Bad Seeds,2004,Abattoir Blues / The Lyre of Orpheus
Nick Cave & The Bad Seeds,2012,Push the Sky Away
Nick Cave & The Bad Seeds,2016,Skeleton Tree
Nick Cave & The Bad Seeds,2019,Ghosteen
Nick Cave & The Bad Seeds,2024,Wild God
Night Verses,2023,Every Sound Has A Color In The Valley Of Night
Nine Inch Nails,1989,Pretty Hate Machine (Remastered)
Nine Inch Nails,1994,The Downward Spiral (Deluxe Edition)
Nine Inch Nails,1995,Further Down The Spiral
Nine Inch Nails,1999,The Fragile
Nine Inch Nails,2002,And All That Could Have Been (Live) [Deluxe Edition]
Nine Inch Nails,2005,With Teeth (Bonus Tracks)
Nine Inch Nails,2007,Year Zero
Nine Inch Nails,2008,Ghosts I-IV
Nine Inch Nails,2008,The Slip
Nine Inch Nails,2013,Hesitation Marks (Deluxe Version)
Nine Inch Nails,2016,Not The Actual Events
Nine Inch Nails,2017,Add Violence
Nine Inch Nails,2018,Bad Witch
Nine Inch Nails,2020,Ghosts V: Together
Nine Inch Nails,2020,Ghosts VI: Locusts
Nine Inch Nails,Unknown,Definitive NIN - Deep Cuts
Nirvana,1989,Bleach
Nirvana,1991,Nevermind
Nirvana,1993,In Utero (20th Anniversary Edition)
Nitzer Ebb,1991,Ebbhead
No-Man,1994,Flowermouth
No-Man,2002,Returning Jesus (Deluxe)
No-Man,2003,Together We're Stranger
No-Man,2008,Schoolyard Ghosts (Deluxe)
Norma Jean,2006,Redeemer
Norma Jean,2013,Wrongdoers
Norma Jean,2016,Polar Similar
Norma Jean,2019,All Hail
Norma Jean,2022,Deathrattle Sing for Me
Nosound,2005,Sol29 (Remastered)
Nothing,2014,Guilty of Everything
Nothing But Thieves,2020,Moral Panic (The Complete Edition)
Nothing But Thieves,2023,Dead Club City
"nothing,nowhere.",2024,Dark Magic
Novembers Doom,2017,Hamartia
Novembers Doom,2019,Nephilim Grove
Novembers Doom,2025,Major Arcana
Oasis,1994,Definitely Maybe
Oasis,1995,(What's the Story) Morning Glory?
Oasis,1997,Be Here Now
Oasis,2000,Standing on the Shoulder of Giants
Oasis,2002,Heathen Chemistry
Oasis,2005,Don't Believe the Truth
Oasis,2008,Dig Out Your Soul
Oathbreaker,2016,Rheia
Obscura,2004,Cosmogenesis
Obscura,2011,Omnivium (Deluxe Version)
Obscura,2021,A Valediction
Obscura,2025,A Sonication
Obscure Sphinx,2016,Epitaphs
Oceans of Slumber,2016,Winter
Oceans of Slumber,2022,Starlight And Ash
Oceans of Slumber,2024,Where Gods Fear To Speak
Oceansize,2003,Effloresce (Remastered)
Oceansize,2005,Everyone Into Position
Of Mice & Men,2016,Cold World
Of Mice & Men,2018,Defy
Of Mice & Men,Unknown,Another Miracle
Oh Hiroshima,2022,Myriad
Oh Hiroshima,2024,All Things Shining
Olhava,2021,Frozen Bloom
Olhava,2024,Sacrifice
Omar Rodriguez-Lopez,2005,Omar Rodriguez
Omar Rodriguez-Lopez,2007,"Se Dice Bisonte, No B√πfalo"
Omar Rodriguez-Lopez,2009,Solar Gambling
Omar Rodriguez-Lopez,2012,Octopus Kool Aid
Omar Rodr√≠guez-L√≥pez Quintet,2007,The Apocalypse Inside Of An Orange
On Thorns I Lay,2023,On Thorns I Lay
Opeth,2001,Blackwater Park
Opeth,2002,Deliverance
Opeth,2003,Damnation
Opeth,2005,Ghost Reveries
Opeth,2008,Watershed
Opeth,2011,Heritage
Opeth,2014,Pale Communion
Opeth,2016,Sorceress
Opeth,2019,In Cauda Venenum (Extended Edition)
Opeth,2024,The Last Will And Testament
OSI,2009,Blood
OSI,2012,Fire Make Thunder
Overmono,2023,Good Lies
Oxxxymiron,2015,–ì–æ—Ä–≥–æ—Ä–æ–¥
Oxxxymiron,2021,miXXXtape III: –°–º—É—Ç–Ω–æ–µ –í—Ä–µ–º—è
Ozzy Osbourne,1995,Ozzmosis (Bonus Track Version)
Pain of Salvation,1997,Entropia
Pain of Salvation,2000,"The Perfect Element, Pt. I"
Pain of Salvation,2002,Remedy Lane
Pain of Salvation,2004,"""BE"""
Pain of Salvation,2007,Scarsick
Pain of Salvation,2010,Road Salt One
Pain of Salvation,2010,Road Salt Two
Pain of Salvation,2014,Falling Home
Pain of Salvation,2016,Remedy Lane Re:lived
Pain of Salvation,2017,In the Passing Light of Day
Pain of Salvation,2020,PANTHER
Palaye Royale,2020,The Bastards
Palaye Royale,2022,Fever Dream
Pallbearer,2012,Sorrow and Extinction
Pallbearer,2014,Foundations of Burden
Pallbearer,2017,Heartless
Pallbearer,2020,Forgotten Days
Pallbearer,2024,Mind Burns Alive
Palm Reader,2018,Braille
Palm Reader,2020,Sleepless
Panopticon,2018,"The Scars of Man on the Once Nameless Wilderness, Pt. 1"
Panopticon,2023,The Rime of Memory
Panopticon,2025,Songs of Hiraeth
Pantera,1992,Vulgar Display of Power (Deluxe Video Version)
Pantera,1994,Far Beyond Driven
Pantera,1996,The Great Southern Trendkill (20th Anniversary Edition)
Paradise Lost,1993,Icon
Paradise Lost,1995,Draconian Times (25th Anniversary Edition)
Paradise Lost,1999,Host
Paradise Lost,2009,"Faith Divides Us, Death Unites Us"
Paradise Lost,2015,The Plague Within
Paradise Lost,2017,Medusa
Paradise Lost,2020,Obsidian
Paradise Lost,2025,Ascension
Paramore,2007,RIOT! (Deluxe)
Paramore,2009,Brand New Eyes (Deluxe)
Paramore,2013,Paramore
Paramore,2022,This Is Why
Parkway Drive,2010,Deep Blue
Pearl Jam,1991,Ten
Pearl Jam,1993,Vs.
Pearl Jam,1994,Vitalogy (Expanded Edition)
Pearl Jam,1996,No Code
Pearl Jam,1998,Yield
Pearl Jam,2000,Binaural
Pearl Jam,2002,Riot Act
Pearl Jam,2006,Pearl Jam (2017 Mix)
Pearl Jam,2009,Backspacer
Pearl Jam,2013,Lightning Bolt
Pearl Jam,2020,Gigaton
Pearl Jam,2024,Dark Matter
Pendragon,Unknown,Believe
Pendragon,Unknown,Kowtow
Pendragon,Unknown,Love Over Fear (Disc One)
Pendragon,Unknown,Men Who Climb Mountains
Pendragon,Unknown,Not Of This World
Pendragon,Unknown,Passion
Pendragon,Unknown,Pure
Pendragon,Unknown,The Jewel
Pendragon,Unknown,The Masquerade Overture
Pendragon,Unknown,The Window Of Life
Pendragon,Unknown,The World
Persefone,2010,Shin-ken
Persefone,2017,Aathma
Persefone,2022,Metanoia
Persefone,2024,Lingua Ignota: Pt. I - EP
Pestilence,1989,Testimony of the Ancients
Pestilence,1993,Spheres
Pet Shop Boys,1986,Please (2018 Remaster)
Pet Shop Boys,1987,Actually (2018 Remaster)
Pet Shop Boys,1990,Behaviour (2018 Remaster)
Pet Shop Boys,1993,Very (2018 Remaster)
Peter Gabriel,1977,Peter Gabriel 1: Car (Remastered)
Peter Gabriel,1978,Peter Gabriel 2: Scratch (Remastered)
Peter Gabriel,1980,Peter Gabriel 3: Melt (Remastered)
Peter Gabriel,1986,So
Peter Gabriel,1992,Us (Remastered)
Peter Gabriel,2023,I/O
pg.lost,2008,"It's Not Me, It's You!"
pg.lost,2016,Versus
pg.lost,2020,Oscillate
PHD2,2006,Resource
Phideaux,1996,Ghost Story
Phideaux,2007,Doomsday Afternoon
Pianos Become the Teeth,2011,The Lack Long After
Pianos Become the Teeth,2018,Wait for Love
Pimsleur,Unknown,"Dutch Phase 1, Units 1-30"
Pink Floyd,1967,The Piper at the Gates of Dawn
Pink Floyd,1970,Atom Heart Mother
Pink Floyd,1973,The Dark Side of the Moon (50th Anniversary) [Remastered]
Pink Floyd,1975,Wish You Were Here
Pink Floyd,1977,Animals (2018 Remix)
Pink Floyd,1979,The Wall
Pink Floyd,1983,The Final Cut
Pink Floyd,1987,A Momentary Lapse of Reason (2019 Remix)
Pink Floyd,1988,Delicate Sound of Thunder (Live)
Pink Floyd,1994,The Division Bell
Pink Floyd,1995,Pulse (Live)
Pink Floyd,2025,Pink Floyd at Pompeii - MCMLXXII (2025 Mix)
Pixies,1987,Come On Pilgrim
Pixies,1988,Surfer Rosa (2007 Remaster)
Pixies,1988,Surfer Rosa (Remastered)
Pixies,1989,Doolittle
Pixies,1990,Bossanova
Pixies,1991,Trompe le Monde
Pixies,2013,Indie Cindy
Pixies,2016,Head Carrier
Pixies,2019,Beneath the Eyrie (Deluxe)
Pixies,2022,Doggerel
Pixies,2024,The Night the Zombies Came
PJ Harvey,1993,Rid of Me
PJ Harvey,1995,To Bring You My Love
PJ Harvey,2000,"Stories from the City, Stories from the Sea"
PJ Harvey,2004,Uh Huh Her
PJ Harvey,2023,I Inside the Old Year Dying
Placebo,1996,Placebo
Placebo,1998,Without You I'm Nothing
Placebo,1998,Without You I'm Nothing: B-Sides
Placebo,2000,Black Market Music
Placebo,2003,Sleeping with Ghosts
Placebo,2006,Meds
Placebo,2016,A Place For Us To Dream
Placebo,2022,Never Let Me Go
Poh Hock,2023,Gallimaufry - EP
Pop Evil,2020,Versatile
Pop Evil,2023,Skeletons
Porcupine Tree,1997,Coma Divine: Recorded Live In Rome (Expanded Edition)
Porcupine Tree,2000,Lightbulb Sun
Porcupine Tree,2002,In Absentia (Deluxe - Remastered)
Porcupine Tree,2005,Deadwing (Remastered)
Porcupine Tree,2007,Fear of a Blank Planet
Porcupine Tree,2009,The Incident
Porcupine Tree,2010,Anesthetize (Live)
Porcupine Tree,2020,The Sound of No One Listening (Remastered)
Porcupine Tree,2021,CLOSURE / CONTINUATION
Porcupine Tree,Unknown,Atlanta
Porcupine Tree,Unknown,We Lost The Skyline
Portico Quartet,2019,Memory Streams
Portico Quartet,2021,Monument
Portishead,1994,Dummy
Portishead,1997,Portishead
Portishead,2008,Third
Protomartyr,2023,Formal Growth in the Desert
Psychotic Waltz,2020,The God-Shaped Void
Psychotic Waltz,Unknown,A Social Grace
Psychotic Waltz,Unknown,Bleeding
Psychotic Waltz,Unknown,Into the Everflow
Psychotic Waltz,Unknown,Mosquito
Pulp,1995,Different Class
Pulp,1998,This Is Hardcore
Pure Reason Revolution,2022,Above Cirrus
Pure Reason Revolution,2024,Coming Up To Consciousness
PVRIS,2016,White Noise (Deluxe Version)
PVRIS,2017,"All We Know of Heaven, All We Need of Hell"
PVRIS,2020,Use Me (Deluxe)
PVRIS,2023,Evergreen
Queen,1973,Queen (Deluxe Edition)
Queen,1974,Queen II (Deluxe Edition)
Queen,1974,Sheer Heart Attack
Queen,1975,A Night at the Opera
Queen,1976,A Day at the Races
Queen,1977,News of the World
Queen,1980,The Game
Queen,1984,The Works (Deluxe Edition)
Queen,1986,A Kind of Magic
Queen,1989,The Miracle (Deluxe Edition)
Queen,1991,Innuendo (Deluxe Edition)
Queens of the Stone Age,1998,Queens of the Stone Age
Queens of the Stone Age,2013,...Like Clockwork
Queens of the Stone Age,2017,Villains
Queens of the Stone Age,2023,In Times New Roman...
Queensr√øche,1986,Rage for Order (Remastered) [Expanded Edition]
Queensr√øche,1988,Operation: Mindcrime (Deluxe Edition)
R.E.M.,1983,Murmur
R.E.M.,1984,Reckoning (Deluxe Version)
R.E.M.,1985,Fables of the Reconstruction (Deluxe Edition)
R.E.M.,1986,Lifes Rich Pageant
R.E.M.,1987,Document
R.E.M.,1988,Green (Remastered 2013)
R.E.M.,1991,Out of Time
R.E.M.,1992,Automatic For The People (2017 Remaster)
R.E.M.,1996,New Adventures In Hi-Fi (25th Anniversary Edition)
R.E.M.,1998,Up
R.E.M.,2001,Reveal
R.E.M.,2004,Around the Sun
R.E.M.,2008,Accelerate
R.E.M.,2011,Collapse Into Now
Radiohead,1993,Pablo Honey
Radiohead,1995,The Bends
Radiohead,1997,OK Computer
Radiohead,1997,OK Computer OKNOTOK 1997 2017
Radiohead,2000,Kid A
Radiohead,2001,Amnesiac
Radiohead,2003,Hail to the Thief
Radiohead,2007,In Rainbows
Radiohead,2011,The King of Limbs
Radiohead,2016,A Moon Shaped Pool
Rage Against the Machine,1992,Rage Against the Machine
Rage Against the Machine,1996,Evil Empire
Rage Against the Machine,1999,The Battle of Los Angeles
Rainbow,1976,Rising
RAYE,2024,Genesis. - EP
Recoil,1992,Bloodline (Bonus Tracks)
Recoil,1997,Unsound Methods
Recoil,2000,Liquid (Bonus Tracks)
Red Hot Chili Peppers,1991,Blood Sugar Sex Magik (Deluxe Edition)
Red Hot Chili Peppers,1999,Californication (Deluxe Edition)
Red Hot Chili Peppers,2002,By the Way
Red Hot Chili Peppers,2006,Stadium Arcadium
Red Hot Chili Peppers,2011,I'm with You
Red Hot Chili Peppers,2016,The Getaway
Red Hot Chili Peppers,2022,Return of the Dream Canteen
Red Hot Chili Peppers,2022,Unlimited Love
Rendezvous Point,2015,Solar Storm
Rendezvous Point,2019,Universal Chaos
Rendezvous Point,2024,Dream Chaser
Ride,1990,Nowhere (Expanded)
Ride,1992,Going Blank Again (Expanded)
Ride,2024,Interplay
Rise Against,2008,Appeal to Reason
Rise Against,2014,The Black Market
Rise Against,2017,Wolves
Rise Against,2025,Ricochet
Rival Consoles,2018,Persona
Rival Consoles,2021,Overflow
Rival Consoles,2022,Now Is
Rival Consoles,2025,Landscape from Memory
Rivers of Nihil,2015,Monarchy
Rivers of Nihil,2018,Where Owls Know My Name
Rivers of Nihil,2021,The Work
Rivers of Nihil,2025,Rivers of Nihil
Riverside,2005,Second Life Syndrome
Riverside,2006,Voices in My Head
Riverside,2007,Rapid Eye Movement
Riverside,2013,Shrine of New Generation Slaves
Riverside,2015,"Love, Fear and the Time Machine"
Riverside,2023,ID.Entity (Deluxe Edition)
Robert Plant,1988,Now and Zen (Remastered)
Robert Plant,1990,Manic Nirvana
Roger Waters,2017,Is This the Life We Really Want?
Rolo Tomassi,2018,Time Will Die and Love Will Bury It
Rolo Tomassi,2022,Where Myth Becomes Memory
ROME,2016,The Hyperion Machine
ROME,2018,Hall of Thatch
ROME,2021,Parlez-Vous Hate?
ROME,2022,Hegemonikon - A Journey to the End of Light
ROME,2023,Gates of Europe
ROME,2025,Civitas Solis
Rosetta,2007,Wake/Lift
Rosetta,2017,Utopioid
Rotting Christ,1997,A Dead Poem
Rotting Christ,2006,Kata Ton Daimona Eaytoy (Do What Thou Wilt)
Rotting Christ,2016,Rituals
Rotting Christ,2019,The Heretics
Rotting Christ,2024,Pro Xristou (Deluxe Edition)
Royal Blood,2013,Royal Blood
Royal Blood,2020,Typhoons
Royal Blood,2023,Back To The Water Below (Bonus Edition)
RPWL,2000,God Has Failed
RPWL,2002,Trying to Kiss the Sun
RPWL,2014,Wanted
RPWL,2016,Plays Pink Floyd's 'The Man and the Journey'
RPWL,2019,Tales from Outer Space
RPWL,2023,Crime Scene
RPWL,2025,World Through My Eyes (Revisited)
Russian Circles,2006,Enter
Russian Circles,2008,Station
Russian Circles,2009,Geneva
Russian Circles,2011,Empros
Russian Circles,2013,Memorial
Russian Circles,2016,Guidance
Russian Circles,2019,Blood Year
Russian Circles,2022,Gnosis
Saltillo,2006,Ganglion
Samael,1996,Passage
Satyricon,2017,Deep Calleth Upon Deep
Savages,2013,Silence Yourself
Savages,2016,Adore Life
Scorpions,1975,In Trance (Remastered 2023)
Scorpions,1977,Taken by Force
Scorpions,1979,Lovedrive
Scorpions,1980,Animal Magnetism
Scorpions,1982,Blackout
Scorpions,1984,Love at First Sting
Scorpions,1988,Savage Amusement
Scorpions,1990,Crazy World
Scorpions,1993,Face the Heat
SeeYouSpaceCowboy...,2024,Coup de Gr√¢ce
Sentenced,2002,The Cold White Light
Septicflesh,2017,Codex Omega
Septicflesh,2022,Modern Primitive
Sepultura,1987,Schizophrenia
Sepultura,1989,Beneath the Remains
Sepultura,1991,Arise (Remastered)
Sepultura,1993,Chaos A.D. (Remastered)
Sepultura,1996,Roots (Remastered)
Serious Black,2016,Mirrorworld (Bonus Version)
Serious Black,2017,Magic
shame,2022,Food for Worms
shame,2025,Cutthroat
Sharon Van Etten,2025,Sharon Van Etten & The Attachment Theory
She Wants Revenge,2005,She Wants Revenge
She Wants Revenge,2007,This Is Forever
She Wants Revenge,2011,Valleyheart
Shinedown,2018,ATTENTION ATTENTION
Shinedown,2022,Planet Zero
Shiva In Exile,2007,Nour
Shortparis,2019,–¢–∞–∫ –∑–∞–∫–∞–ª—è–ª–∞—Å—å —Å—Ç–∞–ª—å
Shortparis,2021,–Ø–±–ª–æ–Ω–Ω—ã–π —Å–∞–¥
Sieges Even,1988,Life Cycle
Sieges Even,1990,Steps
Sieges Even,2005,The Art Of Navigating By The Stars
Sieges Even,2007,Paramount
Sieges Even,Unknown,A Sense Of Change
Sieges Even,Unknown,Sophisticated
Sieges Even,Unknown,Uneven
Sigur R√≥s,1999,√Åg√¶tis Byrjun
Sigur R√≥s,2002,( ) [2022 Remaster]
Simple Minds,1985,Once Upon a Time
Simple Minds,2019,Big Music (Super Deluxe Edition)
Simple Minds,2022,Direction of the Heart
Simply Red,1991,Stars (Collectors Edition) [Remastered]
Slayer,1986,Reign In Blood
Slayer,1988,South of Heaven
Slayer,1990,Seasons In the Abyss
Sleep Token,2023,Take Me Back To Eden
Sleep Token,2025,Even In Arcadia
sleepmakeswaves,2024,"It's Here, But I Have No Names For It"
Slint,1991,Spiderland (Remastered)
Slipknot,1999,Slipknot (Deluxe Version)
Slipknot,2001,Iowa (Deluxe)
Slipknot,2004,Vol. 3 The Subliminal Verses
Slipknot,2008,All Hope Is Gone (Deluxe Edition)
Slipknot,2014,.5: The Gray Chapter (Special Edition)
Slipknot,2019,We Are Not Your Kind
Slipknot,2022,"The End, So Far"
Slowdive,1993,Souvlaki
Slowdive,1995,Pygmalion
Slowdive,2017,Slowdive
Slowdive,2023,everything is alive
Snarky Puppy,2022,Empire Central
Snarky Puppy,2024,We Like It Here (Remixed + Remastered + Reimagined)
Snow Patrol,2001,When It's All Over We Still Have to Clear Up (Bonus Track Version)
Snow Patrol,2003,Final Straw
Snow Patrol,2006,Eyes Open
Snow Patrol,2008,A Hundred Million Suns
Snow Patrol,2011,Fallen Empires
Snow Patrol,2018,Wildness (Deluxe)
Snow Patrol,2019,Reworked
Snow Patrol,2024,The Forest Is The Path
Soen,2011,Cognitive
Soen,2014,Tellurian
Soen,2017,Lykaia Revisited
Soen,2019,Lotus
Soilwork,2002,Natural Born Chaos
Soilwork,2003,Figure Number Five
Soilwork,2007,Sworn to a Great Divide
Sonic Youth,1985,Bad Moon Rising
Sonic Youth,1988,Daydream Nation (2012 Remastered Version)
Sonic Youth,1990,Goo
Sonic Youth,1992,Dirty
Sons Of Kemet,2018,Your Queen Is A Reptile
Sons Of Kemet,2021,Black To The Future
Soul Blind,2025,Red Sky Mourning
Soundgarden,1994,Superunknown (20th Anniversary)
Soundgarden,1996,Down On the Upside
Soup,2017,Remedies
SPRINTS,2024,Letter to Self
SPRINTS,2025,All That Is Over
Squarepusher,1997,Hard Normal Daddy
Squarepusher,2004,Ultravisitor
Squid,2021,Bright Green Field
Squid,2023,O Monolith
Squid,2024,Cowards
St. Vincent,2014,St. Vincent (Deluxe Edition)
St. Vincent,2024,All Born Screaming
Stabbing Westward,2021,Chasing Ghosts
Stars of the Lid,2001,The Tired Sounds of Stars of the Lid
Steven Wilson,2005,Cover Version
Steven Wilson,2009,Insurgentes (Remastered)
Steven Wilson,2011,Grace for Drowning (Deluxe Version)
Steven Wilson,2012,The Raven That Refused to Sing (and Other Stories) [Deluxe Edition]
Steven Wilson,2013,Drive Home
Steven Wilson,2015,Hand. Cannot. Erase. (Deluxe Edition)
Steven Wilson,2016,4 1/2
Steven Wilson,2017,To the Bone
Steven Wilson,2018,Home Invasion: In Concert at the Royal Albert Hall (Live)
Steven Wilson,2020,THE FUTURE BITES
Steven Wilson,2023,The Harmony Codex
Steven Wilson,2025,The Overview
Stillife,2008,Destiny
Sting,1985,The Dream of the Blue Turtles
Sting,1987,...Nothing Like the Sun
Sting,1993,Ten Summoner's Tales
Sting,1996,Mercury Falling
Stone Sour,2006,Come What(ever) May (10th Anniversary Edition)
Stone Sour,2010,Audio Secrecy
Stone Sour,2012,"House of Gold & Bones, Pt. 1"
Stone Sour,2017,Hydrograd
Stone Temple Pilots,1992,Core
Stone Temple Pilots,1994,Purple (2019 Remaster)
Stone Temple Pilots,1996,Tiny Music... Songs From The Vatican Gift Shop (Super Deluxe Edition) [2021 Remaster]
Stone Temple Pilots,1999,No. 4
Stratovarius,1997,Visions
Suede,1993,Head Music (20th Anniversary Edition)
Suede,1993,Suede
Suede,1994,Dog Man Star (Remastered) [Deluxe Edition]
Suede,2013,Bloodsports
Suede,2018,The Blue Hour
Suede,2022,Autofiction
Suede,2025,Antidepressants
Swallow the Sun,2015,"Songs from the North I, II & III"
Swallow the Sun,2019,When a Shadow Is Forced Into the Light
Swallow the Sun,2021,Moonflowers (Deluxe Edition)
Swallow the Sun,2024,Shining
Swans,1996,Soundtracks for the Blind
Swans,2012,The Seer
Swans,2014,To Be Kind
Swans,2023,The Beggar
Swans,2025,Birthing
Sybreed,2009,The Pulse of Awakening
Sylvan,2006,Posthumous Silence
Sylvan,2015,Home
Sylvan,2021,One to Zero
SYMPHONY X,1994,Symphony X (Special Edition)
SYMPHONY X,1995,The Damnation Game (Special Edition)
SYMPHONY X,1997,The Divine Wings of Tragedy (Special Edition)
SYMPHONY X,1998,Twilight in Olympus (Special Edition)
SYMPHONY X,2000,V: The New Mythology Suite
SYMPHONY X,2002,The Odyssey
SYMPHONY X,2007,Paradise Lost
SYMPHONY X,2011,Iconoclast
SYMPHONY X,2015,Underworld
System Of A Down,2001,Toxicity
S√≥lstafir,2014,√ìtta
S√≥lstafir,2017,Berdreyminn (Deluxe)
S√≥lstafir,2020,Endless Twilight of Codependent Love
S√≥lstafir,2024,Hin helga kv√∂l
Talk Talk,1988,Spirit of Eden
Talk Talk,1991,Laughing Stock
Tears for Fears,1984,Songs from the Big Chair
Tears for Fears,1989,The Seeds of Love
Tears for Fears,1995,Raoul and the Kings of Spain
Tears for Fears,2021,The Tipping Point
TEMIC,2023,Terror Management Theory
Temple of the Dog,1991,Temple of the Dog
Tequilajazzz,1997,–í–∏—Ä—É—Å
Tequilajazzz,1998,–¶–µ–ª–ª—É–ª–æ–∏–¥
Tequilajazzz,1999,–°—Ç–æ –ø—è—Ç—å–¥–µ—Å—è—Ç –º–∏–ª–ª–∏–∞—Ä–¥–æ–≤ —à–∞–≥–æ–≤
TesseracT,2018,Sonder
TesseracT,2021,PORTALS
TesseracT,2023,War Of Being
The Air I Breathe,2011,Great Faith In Fools
The American Dollar,2008,A Memory Stream
The Amity Affliction,2016,This Could Be Heartbreak
The Amity Affliction,2022,Not Without My Ghosts
The Amity Affliction,2024,Let The Ocean Take Me (Redux)
The Beatles,1967,Sgt. Pepper's Lonely Hearts Club Band (Remix)
The Beatles,1969,Abbey Road (2019 Mix)
The Callous Daoboys,2025,I Don‚Äôt Want to See You in Heaven
The Chariot,2007,The Fianc√©e
The Chariot,2012,One Wing
The Chemical Brothers,1997,Dig Your Own Hole (25th Anniversary Edition)
The Chemical Brothers,1999,Surrender (20th Anniversary Edition)
The Chemical Brothers,2004,Brotherhood
The Chemical Brothers,2005,Push the Button
The Chemical Brothers,2007,No Geography
The Chemical Brothers,2007,We Are the Night
The Chemical Brothers,2010,Further
The Chemical Brothers,2015,Born in the Echoes
The Chemical Brothers,2023,For That Beautiful Feeling
The Clash,1979,London Calling
The Comet Is Coming,2019,The Afterlife
The Comet Is Coming,2019,Trust In The Lifeforce Of The Deep Mystery
The Comet Is Coming,2022,Hyper-Dimensional Expansion Beam
The Cranberries,1993,"Everybody Else Is Doing It, So Why Can't We?"
The Cranberries,1994,No Need To Argue (30th Anniversary) [Super Deluxe Edition]
The Cranberries,1999,Bury the Hatchet (The Complete Sessions 1998-1999)
The Cranberries,2001,Wake Up and Smell the Coffee
The Cure,1979,Three Imaginary Boys (Deluxe Edition)
The Cure,1981,Faith (Deluxe Edition)
The Cure,1982,Pornography
The Cure,1984,The Top
The Cure,1985,The Head On the Door
The Cure,1987,"Kiss Me, Kiss Me, Kiss Me"
The Cure,1989,Disintegration (Remastered)
The Cure,1992,Wish
The Cure,1996,Wild Mood Swings
The Cure,2000,Bloodflowers
The Cure,2004,The Cure
The Cure,2008,4:13 Dream
The Cure,2024,Songs Of A Lost World
The Dear Hunter,2007,"Act II (The Meaning of, And All Things Regarding Ms. Leading)"
The Dear Hunter,2007,"Act II: The Meaning of, And All Things Regarding Ms. Leading"
The Dear Hunter,2015,Act IV: Rebirth in Reprise
The Dear Hunter,2016,Act V: Hymns with the Devil in Confessional
The Dear Hunter,2021,The Indigo Child
The Dear Hunter,2022,Antimai
The Dear Hunter,2023,Migrant Returned
The Devil Wears Prada,2006,Dear Love: A Beautiful Discord
The Devil Wears Prada,2009,With Roots Above and Branches Below
The Devil Wears Prada,2019,The Act
The Devil Wears Prada,2022,Color Decay (Deluxe)
The Devin Townsend Band,2001,Accelerated Evolution
The Dillinger Escape Plan,1999,Calculating Infinity
The Dillinger Escape Plan,2004,Miss Machine
The Dillinger Escape Plan,2007,Ire Works
The Dillinger Escape Plan,2013,One Of Us Is The Killer
The Fall of Troy,2005,Doppelganger
The Fall of Troy,2020,Mukiltearth
The Future Sound of London,1991,Accelerator Deluxe
The Future Sound of London,1991,Papua New Guinea
The Future Sound of London,1994,ISDN
The Future Sound of London,1994,Lifeforms
The Future Sound of London,1996,Dead Cities
The Future Sound of London,2024,ISDN (30th Anniversary Edition)
The Gathering,1995,Mandylion
The Gathering,1997,Nighttime Birds
The Gathering,1999,How to Measure a Planet?
The Gathering,2000,If_Then_Else
The Halo Effect,2022,Days Of The Lost
The Halo Effect,2025,March Of The Unheard
The Horrors,2011,Skying
The Horrors,2014,Luminous
The Horrors,2017,V
The Horrors,2025,Night Life
The Jesus and Mary Chain,1985,Psychocandy
The Jesus and Mary Chain,2024,Glasgow Eyes
The Kilimanjaro Darkjazz Ensemble,2009,Here Be Dragons
The Killers,2004,Hot Fuss
The Killers,2006,Sam's Town
The Kills,2003,No Wow
The Kills,2023,God Games
The KVB,2024,Tremors
The Last Dinner Party,2024,Prelude to Ecstasy
The Legendary Pink Dots,1983,Curse
The Legendary Pink Dots,1984,The Tower
The Mars Volta,2003,Deloused In the Comatorium
The Mars Volta,2005,Frances the Mute
The Mars Volta,2006,Amputechture
The Mars Volta,2008,The Bedlam In Goliath
The Mars Volta,2009,Octahedron
The Mars Volta,2012,Noctourniquet
The Mars Volta,2022,The Mars Volta
The Mars Volta,2025,Lucro sucio; Los ojos del vacio
The Murder Capital,2019,When I Have Fears
The Murder Capital,2023,Gigi's Recovery
The Murder Capital,2025,Blindness
The National,2001,The National
The National,2003,Sad Songs for Dirty Lovers (2021 Remaster)
The National,2005,Alligator
The National,2007,Boxer
The National,2010,High Violet
The National,2013,Trouble Will Find Me
The National,2017,Sleep Well Beast
The National,2023,First Two Pages of Frankenstein
The National,2023,Laugh Track
The Neal Morse Band,2021,Innocence & Danger
The Necks,2017,Unfold
The Necks,2018,Body
The Necks,2023,Travel
The Necks,2024,Bleed
The Necks,2025,Disquiet
The Necks,Unknown,Aether
The Necks,Unknown,Aquatic
The Necks,Unknown,Drive By
The Necks,Unknown,Hanging Gardens
The Necks,Unknown,Mindset
The Necks,Unknown,Mosquito/See Through
The Necks,Unknown,Next
The Necks,Unknown,Sex
The Necks,Unknown,Silent Night
The Necks,Unknown,The Lives
The Necks,Unknown,Townsville
The Notwist,2002,Neon Golden (Deluxe Version)
The Ocean,2010,Anthropocentric
The Ocean,2010,Heliocentric
The Ocean,2013,Pelagial (Deluxe Edition)
The Ocean,2023,Holocene
The Offspring,1994,Smash (Remastered)
The Offspring,2021,Let The Bad Times Roll (Deluxe Edition)
The Offspring,2024,SUPERCHARGED
The Pineapple Thief,1999,Abducted at Birth (Remastered)
The Pineapple Thief,2002,One Three Seven (Remastered)
The Pineapple Thief,2003,Variations on a Dream (Remastered)
The Pineapple Thief,2005,10 Stories Down (Remastered)
The Pineapple Thief,2006,Little Man (Remastered)
The Pineapple Thief,2007,What We Have Sown (Remastered)
The Pineapple Thief,2008,Tightly Unwound
The Pineapple Thief,2009,3000 Days
The Pineapple Thief,2010,Show a Little Love
The Pineapple Thief,2010,Someone Here Is Missing
The Pineapple Thief,2012,All the Wars (Deluxe Edition)
The Pineapple Thief,2014,Magnolia (Deluxe Edition)
The Pineapple Thief,2016,8 Years Later
The Pineapple Thief,2016,Your Wilderness
The Pineapple Thief,2018,Dissolution
The Pineapple Thief,2020,Versions of the Truth
The Pineapple Thief,2022,Give It Back (Rewired)
The Pineapple Thief,2023,It Leads To This
The Police,1978,Outlandos D'Amour (Remastered 2003)
The Police,1978,Outlandos d'Amour (Remastered)
The Police,1979,Reggatta De Blanc (Remastered 2003)
The Police,1980,Zenyatta Mondatta (Remastered)
The Police,1981,Ghost In the Machine (Alternate Sequence Edition)
The Police,1983,Synchronicity (Remastered 2003)
The Prodigy,1992,Experience: Expanded
The Prodigy,1994,Music for the Jilted Generation
The Prodigy,1997,The Fat of the Land
The Prodigy,2015,The Day Is My Enemy (Expanded Edition)
The Sea Within,2018,The Sea Within (Deluxe Edition)
The Slow Readers Club,2017,Build A Tower
The Slow Readers Club,2024,Out Of A Dream
The Smashing Pumpkins,1991,Gish (Remastered)
The Smashing Pumpkins,1993,Siamese Dream
The Smashing Pumpkins,1995,Mellon Collie And The Infinite Sadness (2012 Remastered)
The Smashing Pumpkins,1995,Mellon Collie and the Infinite Sadness (Remastered)
The Smashing Pumpkins,1998,Adore (Remastered)
The Smashing Pumpkins,1999,Machina/The Machines of God
The Smashing Pumpkins,2012,Oceania
The Smashing Pumpkins,2018,"SHINY AND OH SO BRIGHT, VOL. 1 / LP: NO PAST. NO FUTURE. NO SUN."
The Smashing Pumpkins,2020,CYR
The Smashing Pumpkins,2022,ATUM
The Smashing Pumpkins,2024,Aghori Mhori Mei
The Smashing Pumpkins,Unknown,Zeitgeist
The Smile,2022,A Light for Attracting Attention
The Smile,2023,Wall of Eyes
The Smile,2024,Cutouts
The Story So Far,2018,Proper Dose
The Story So Far,2024,I Want To Disappear
The Strokes,2001,Is This It
The Tear Garden,1987,Tired Eyes Slowly Burning
The Tear Garden,1992,The Last Man to Fly
The Third and the Mortal,1994,Tears Laid in Earth
The Verve,1993,A Storm In Heaven
The Verve,1997,Urban Hymns (Remastered 2016)
The Walkmen,2004,Bows + Arrows
The War on Drugs,2011,Slave Ambient
The War on Drugs,2014,Lost in the Dream
The War on Drugs,2021,I Don‚Äôt Live Here Anymore (Deluxe Edition)
The Warning,2024,Keep Me Fed
The Weeknd,2011,Echoes Of Silence (Original)
The Weeknd,2011,House of Balloons (Original)
The Weeknd,2011,Thursday (Original)
The Weeknd,2015,Beauty Behind the Madness
The Weeknd,2016,Starboy
The Weeknd,2020,After Hours
The Weeknd,2022,Dawn FM
The White Stripes,1999,The White Stripes
The White Stripes,2000,De Stijl
The White Stripes,2001,White Blood Cells (Deluxe)
The White Stripes,2003,Elephant
The White Stripes,2005,Get Behind Me Satan
The World Is A Beautiful Place & I Am No Longer Afraid To Die,2025,Dreams of Being Dust
The xx,2009,xx
The xx,2012,Coexist (Deluxe Edition)
The xx,2017,I See You
The Young Gods,2025,Appear Disappear
Theatre of Tragedy,1996,Velvet Darkness They Fear
Theatre of Tragedy,1998,A√©gis
Theatre of Tragedy,2000,Musique (Remastered)
Therapy?,1994,Troublegum
This Morn' Omina,Unknown,7 Years Of Famine
This Will Destroy You,2006,Young Mountain (10th Anniversary Edition)
This Will Destroy You,2007,This Will Destroy You
This Will Destroy You,2011,Tunnel Blanket
Three Days Grace,2003,Three Days Grace (Expanded Edition)
Three Days Grace,2006,One-X
Three Days Grace,2015,Human
Three Days Grace,2018,Outsider
Three Days Grace,2022,EXPLOSIONS
Three Days Grace,2025,Alienation
Threshold,2001,Hypothetical (Definitive Edition)
Threshold,2004,Replica
Threshold,2012,Extinct Instinct
Threshold,2012,Extinct Instinct (Definitive Edition)
Threshold,2012,March of Progress
Threshold,2017,Legends of the Shires
Threshold,2022,Dividing Lines
Thrice,2003,The Artist in the Ambulance
Thrice,2016,To Be Everywhere Is to Be Nowhere
Thrice,2018,Palms
Thrice,2021,Horizons / East
Thrice,2023,The Artist in the Ambulance (Revisited)
Thrice,2025,Horizons / West
Throbbing Gristle,1978,Throbbing Gristle's Greatest Hits (Remastered)
Throbbing Gristle,2009,The Third Mind Movements
thrown,2023,Excessive Guilt
Tiamat,1994,Wildhoney
Tiamat,1997,A Deeper Kind of Slumber
Tiamat,1999,Skeleton Skeletron
Tiamat,2002,Judas Christ
Tiamat,2004,Prey
Tiamat,2012,The Scarred People
Tiamat,Unknown,Amanethes (Limited Edition)
To Kill Achilles,2023,Recovery
toe,2005,The Book About My Idle Plot On A Vague Anxiety
toe,2024,NOW I SEE THE LIGHT
TOOL,1996,√Ünima
TOOL,2001,Lateralus
TOOL,2006,"10,000 Days"
TOOL,2019,Fear Inoculum
Tortoise,1996,Millions Now Living Will Never Die
Touch√© Amor√©,2009,...To the Beat of a Dead Horse
Touch√© Amor√©,2016,Stage Four (Deluxe Edition)
Touch√© Amor√©,2020,Lament
Touch√© Amor√©,2024,Spiral In A Straight Line
Transatlantic,2000,SMPTe
Transatlantic,2001,Bridge Across Forever
Trentem√∏ller,2006,The Last Resort
Tribulation,2017,Down Below
Tribulation,2021,Where the Gloom Becomes Sound
Tribulation,2024,Sub Rosa In √Üternum
Tricky,1995,Maxinquaye
Tricky,2001,Blowback
Tricky,2008,Knowle West Boy (Deluxe Edition)
Tricky,2010,Mixed Race
Tricky,2013,False Idols (Bonus Track Version)
Tricky,2014,Adrian Thaws
Trivium,2005,Ascendancy
Trivium,2013,Vengeance Falls (2023 Remaster)
Trivium,2015,Silence in the Snow
Trivium,2017,The Sin and the Sentence
Trivium,2021,In The Court Of The Dragon
Turnstile,2025,NEVER ENOUGH
Type O Negative,1993,Bloody Kisses [Top Shelf Edition]
Type O Negative,1996,October Rust (Bonus Track Version)
Tzolk'in,2008,Haab'
U2,1983,War
U2,1984,The Unforgettable Fire
U2,1987,The Joshua Tree
U2,1991,Achtung Baby
U2,1993,Zooropa
U2,1997,Pop
U2,2000,All That You Can't Leave Behind
U96,1992,Das Boot
Ulcerate,2024,Cutting the Throat of God
Ulver,1994,Bergtatt
Ulver,1996,Kveldssanger
Ulver,1996,Nattens Madrigal
Ulver,2000,Perdition City
Ulver,2004,Teachings In Silence
Ulver,2011,Wars of the Roses
Ulver,2012,Childhood's End
Ulver,2013,Messe I.X-VI.X
Ulver,2017,The Assassination of Julius Caesar (Five-Year Anniversary Edition)
Ulver,2020,Flowers of Evil
Ulver,2021,Scary Muzak
Ulver,2023,Liminal Animals
Underoath,2004,They're Only Chasing Safety
Underoath,2018,Erase Me (Deluxe Edition)
UNKLE,1998,Psyence Fiction
UNKLE,2000,"Never, Never, Land"
UNKLE,2007,War Stories
,Unknown,Humanity - Hour I
,Unknown,Imploding the Mirage (Deluxe)
,Unknown,Resistance
Vampire Weekend,2009,Contra (Bonus Track Version)
Vampire Weekend,2013,Modern Vampires of the City
Vampire Weekend,2024,Only God Was Above Us
Van Der Graaf Generator,1971,Pawn Hearts
Van Der Graaf Generator,1975,Godbluff
Van Der Graaf Generator,2008,Trisector
Van Halen,1978,Van Halen
Van Halen,1984,1984
Vanden Plas,Unknown,Christ 0
Vektor,2009,Black Future
Vektor,2011,Outer Isolation
Vektor,2016,Terminal Redux
Venetian Snares,2005,Rossz Csillag Alatt Sz√ºletett
VOLA,2018,Applause of a Distant Crowd
VOLA,2021,Witness
Volbeat,2021,Servant Of The Mind (Deluxe)
Von Hertzen Brothers,2008,Love Remains the Same
Voyager,2011,The Meaning of I
Voyager,2017,Ghost Mile (Deluxe)
Voyager,2023,Fearless in Love
Warpaint,2014,Warpaint
Wax Tailor,2012,Dusty Rainbow from the Dark (Extended with Instrumentals)
We Came From Wolves,2025,In Another Life
Weather Systems,2024,Ocean Without a Shore
Wednesday,2023,Rat Saw God
Weezer,1996,Pinkerton
Weezer,2017,Pacific Daydream
Wheel,2018,Moving Backwards
Wheel,2024,Charismatic Leaders
When Icarus Falls,2012,Aegean
White Lies,2008,To Lose My Life...
White Lies,2010,Ritual
White Lies,2013,Big Tv
White Lies,2016,Friends (Deluxe Version)
White Lies,2019,Five V2
White Lies,2022,As I Try Not To Fall Apart (Bonus Edition)
White Lies,2025,Night Light
Whitechapel,2016,Mark of the Blade
Whitechapel,2019,The Valley
Whitechapel,2021,Kin
Whitechapel,2025,Hymns in Dissonance
William Basinski,2002,The Disintegration Loops (Remastered)
Wolf Alice,2017,Visions of a Life
Wolf Alice,2021,Blue Weekend
Wolf Alice,2025,The Clearing
Wolverine,2003,Cold Light of Monday
Woods of Ypres,2012,Woods 5: Grey Skies & Electric Light
Wunderhorse,2024,Midas
Yard Act,2021,The Overload
Yard Act,2024,Where‚Äôs My Utopia?
Yes,1971,Fragile (Super Deluxe)
Yes,1971,The Yes Album
Yes,1972,Close to the Edge
Yes,1973,Tales from Topographic Oceans (Deluxe Edition)
Yes,1974,Relayer (Deluxe Edition)
Yes,1977,Going for the One (Deluxe Edition)
Yes,1978,Tormato (Deluxe Edition)
Yes,1980,Drama (Deluxe Edition)
Yes,1983,90125
Yes,1984,Talk
Yes,1987,Big Generator
Yes,1991,Union
Yes,1997,Open Your Eyes
Yoth Iria,2021,As the Flame Withers
Yoth Iria,2024,Blazing Inferno
Youth Code,2016,Commitment to Complications
Zeal & Ardor,2017,Devil Is Fine
Zeal & Ardor,2022,Zeal & Ardor
Zeal & Ardor,2024,GREIF
–ê–≥–∞—Ç–∞ –ö—Ä–∏—Å—Ç–∏,1993,–ü–æ–∑–æ—Ä–Ω–∞—è –∑–≤–µ–∑–¥–∞
–ê–≥–∞—Ç–∞ –ö—Ä–∏—Å—Ç–∏,1994,–û–ø–∏—É–º
–ê–ò–ì–ï–õ,2020,–ü—ã—è–ª–∞
–ê–ò–ì–ï–õ,2021,OST –¢–æ–ø–∏
–ê–ò–ì–ï–õ,2022,REMIXED
–í–µ—Ä–∞ –ü–æ–ª–æ–∑–∫–æ–≤–∞,Unknown,–í—ã—Å–æ–∫–æ–µ —Ä–∞–∑—Ä–µ—à–µ–Ω–∏–µ
–í–µ—Ä–∞ –ü–æ–ª–æ–∑–∫–æ–≤–∞,Unknown,–ó–Ω–∞–∫ –Ω–µ/—Ä–∞–≤–µ–Ω—Å—Ç–≤–∞
–í–µ—Ä–∞ –ü–æ–ª–æ–∑–∫–æ–≤–∞,Unknown,–ó–Ω–∞–∫ –Ω–µ—Ä–∞–≤–µ–Ω—Å—Ç–≤–∞
–í–µ—Ä–∞ –ü–æ–ª–æ–∑–∫–æ–≤–∞,Unknown,–§–æ—Ç–æ—Å–∏–Ω—Ç–µ–∑
–í—Å—Ç—Ä–µ—á–∞ –†—ã–±—ã,2007,–¢–∞–Ω—Ü—ã –æ–∫–æ–ª–æ
–î—É—Ä–Ω–æ–π –í–∫—É—Å,2024,–í—Å—Ç—Ä–µ—Ç–∏–º—Å—è –≤–æ —Å–Ω–µ
–ö–∞—Ä–µ–ª–∏—è,2016,–ë—É–π–Ω—ã–µ –≤–µ—Ç—Ä—ã
–ö–∞—Ä–µ–ª–∏—è,2018,–ü–ª–∞–Ω–µ—Ç–∞
–ú–æ–π –ò—é–ª—å,2023,–ù–∞–≤–µ—Ä–Ω—è–∫–∞
–ú–æ–Ω–µ—Ç–æ—á–∫–∞,2024,–ú–æ–ª–∏—Ç–≤—ã. –ê–Ω–µ–∫–¥–æ—Ç—ã. –¢–æ—Å—Ç—ã.
–ú—É–º–∏–π –¢—Ä–æ–ª–ª—å,1997,–ò–∫—Ä–∞ (Deluxe)
–ú—É–º–∏–π –¢—Ä–æ–ª–ª—å,1997,–ú–æ—Ä—Å–∫–∞—è (Deluxe)
–ù–∞—É—Ç–∏–ª—É—Å –ü–æ–º–ø–∏–ª–∏—É—Å,1994,–¢–∏—Ç–∞–Ω–∏–∫
–ü–æ—Ä–Ω–æ—Ñ–∏–ª—å–º—ã,2017,–í –¥–∏–∞–ø–∞–∑–æ–Ω–µ –º–µ–∂–¥—É –æ—Ç—á–∞—è–Ω–∏–µ–º –∏ –Ω–∞–¥–µ–∂–¥–æ–π
–ü–æ—Ä–Ω–æ—Ñ–∏–ª—å–º—ã,2020,–≠—Ç–æ –ø—Ä–æ–π–¥—ë—Ç
–°—Ä—É–±,2018,–ü–æ—Å—Ç
–°—Ä—É–±,2018,–°–∫–æ—Ä–±—å
–°—Ä—É–±,2025,–ï–ª–µ–∂–∏–≤–∏–∫–∞
–¢–µ—Ö–Ω–æ–ª–æ–≥–∏—è,Unknown,–ù–∞–∂–º–∏ –Ω–∞ –∫–Ω–æ–ø–∫—É
–¢–µ—Ö–Ω–æ–ª–æ–≥–∏—è,Unknown,–†–∞–Ω–æ –∏–ª–∏ –ø–æ–∑–¥–Ω–æ
‚Ä†‚Ä†‚Ä† (Crosses),2014,‚Ä†‚Ä†‚Ä† (Crosses)
‚Ä†‚Ä†‚Ä† (Crosses),2023,"Goodnight, God Bless, I Love U, Delete."